Date,ADR_Close,USD_TWD,TWS_Close,ADR_TWD,Premium
2016-09-30,24.25464630126953,31.378000259399414,182.5,152.21245958657528,-16.59591255530122
2016-10-03,24.35771942138672,31.30699920654297,186.0,152.51342051971005,-18.00353735499459
2016-10-04,24.0960693359375,31.312000274658203,187.0,150.89922593301162,-19.305226773790572
2016-10-05,24.207075119018555,31.482999801635742,186.0,152.42226823404854,-18.05254396018895
2016-10-06,24.39737319946289,31.405000686645508,187.5,153.23990441629576,-18.272050977975596
2016-10-07,24.72245216369629,31.38599967956543,188.0,155.18777513756868,-17.45331109703794
2016-10-11,24.36565589904785,31.47100067138672,187.5,153.36231463154255,-18.20676552984397
2016-10-12,24.857254028320312,31.594999313354492,189.5,157.0729847913317,-17.111881376605965
2016-10-13,24.207075119018555,31.607999801635742,188.5,153.027445112024,-18.818331505557563
2016-10-14,24.31014633178711,31.739999771118164,188.0,154.3208078013544,-17.91446393544979
2016-10-17,24.238788604736328,31.70199966430664,186.5,153.68361364211015,-17.59591761817151
2016-10-18,24.468730926513672,31.77199935913086,187.0,155.48410066318758,-16.853422105247283
2016-10-19,24.56387710571289,31.66200065612793,189.5,155.54829860762547,-17.916465114709514
2016-10-20,24.627304077148438,31.472000122070312,190.5,155.01410338445567,-18.627767252254245
2016-10-21,24.64316749572754,31.520999908447266,188.5,155.35545607533567,-17.58331242687763
2016-10-24,24.904823303222656,31.742000579833984,191.0,158.1057831463113,-17.222103064758485
2016-10-25,25.015825271606445,31.67300033569336,193.0,158.46524844504748,-17.893653655415807
2016-10-26,24.746238708496094,31.545000076293945,191.5,156.1240203894995,-18.47309640235013
2016-10-27,24.39737319946289,31.558000564575195,188.5,153.98646344056033,-18.309568466546246
2016-10-28,24.39737319946289,31.67099952697754,189.5,154.53783901193674,-18.449689175758976
2016-10-31,24.659025192260742,31.610000610351562,188.5,155.8943602756073,-17.297421604452357
2016-11-01,24.349794387817383,31.551000595092773,189.5,153.65207544408258,-18.917110583597584
2016-11-02,24.0960693359375,31.555999755859375,186.0,152.07511161640286,-18.239187303009206
2016-11-03,24.00885581970215,31.542999267578125,184.5,151.46226430725073,-17.90663181178822
2016-11-04,23.977130889892578,31.461000442504883,184.5,150.86890510738158,-18.228235714156327
2016-11-07,24.857254028320312,31.45199966430664,189.0,156.36206907086307,-17.268746523352874
2016-11-08,24.849321365356445,31.51099967956543,188.5,156.60539151623306,-16.920216702263634
2016-11-09,24.25464630126953,31.472999572753906,182.0,152.6732945354306,-16.11357443108208
2016-11-10,23.342817306518555,31.44099998474121,185.5,146.78430371561336,-20.87099530155614
2016-11-11,23.73133659362793,31.68600082397461,181.5,150.39023017194268,-17.140369051271254
2016-11-14,22.875009536743164,31.99799919128418,180.5,146.39090733146514,-18.89700424849576
2016-11-15,23.152523040771484,31.93600082397461,180.0,147.87979898143385,-17.844556121425637
2016-11-16,23.675832748413086,31.847999572753906,180.0,150.80558225121058,-16.21912097154967
2016-11-17,23.366601943969727,31.827999114990234,181.5,148.7424371985995,-18.048243967713773
2016-11-18,23.366601943969727,31.844999313354492,181.0,148.82188457222873,-17.777964324735507
2016-11-21,23.50932502746582,32.01300048828125,181.0,150.52080671668517,-16.8393333056988
2016-11-22,23.715478897094727,31.992000579833984,184.0,151.74112292537902,-17.531998410120096
2016-11-23,23.699621200561523,31.929000854492188,185.5,151.341045112774,-18.414530936509976
2016-11-25,23.517253875732422,31.920000076293945,182.0,150.1341491015206,-17.508709284878798
2016-11-28,23.517253875732422,31.827999114990234,184.0,149.70142710876243,-18.640528745237805
2016-11-29,23.430038452148438,31.763999938964844,182.0,148.84634799279738,-18.216292311649795
2016-11-30,23.541048049926758,31.812999725341797,183.0,149.7822710293156,-18.151764464854857
2016-12-01,22.637142181396484,31.871000289916992,183.0,144.29367300523592,-21.15099835779458
2016-12-02,22.882938385009766,31.881999969482422,178.0,145.9107681785099,-18.02765832667983
2016-12-05,23.009801864624023,31.902000427246094,179.0,146.81174178321672,-17.98226716021413
2016-12-06,23.39832878112793,31.972000122070312,182.0,149.6182741292927,-17.792157071817194
2016-12-07,23.73133659362793,31.937999725341797,181.5,151.5862843218565,-16.481386048563905
2016-12-08,23.818559646606445,31.89299964904785,185.5,151.92906289000894,-18.097540221019436
2016-12-09,23.881990432739258,31.746999740600586,186.0,151.6363088146398,-18.475102787828067
2016-12-12,23.707551956176758,31.81599998474121,185.0,150.85589453519424,-18.456273224219334
2016-12-13,24.07227897644043,31.851999282836914,186.0,153.35004253876613,-17.553740570555842
2016-12-14,23.683767318725586,31.77899932861328,187.5,150.5292851441627,-19.717714589779888
2016-12-15,23.9137020111084,31.79400062561035,187.0,152.062451340368,-18.683181101407488
2016-12-16,23.37453269958496,31.913999557495117,185.0,149.1949652462419,-19.35407283986924
2016-12-19,23.20802879333496,32.029998779296875,182.5,148.6706267840811,-18.536642858037755
2016-12-20,23.2397403717041,31.964000701904297,182.5,148.5670155106447,-18.59341615855086
2016-12-21,23.10495376586914,31.98699951171875,180.0,147.8116289654281,-17.882428352539947
2016-12-22,22.78779411315918,32.000999450683594,179.0,145.84643737949955,-18.521543363408078
2016-12-23,23.033588409423828,32.01100158691406,178.5,147.46564702527832,-17.38619214270123
2016-12-27,23.073238372802734,32.215999603271484,180.0,148.66548765288024,-17.408062415066528
2016-12-28,23.089094161987305,32.27199935913086,182.0,149.02624639971327,-18.117447033124577
2016-12-29,23.097021102905273,32.29600143432617,180.0,149.18828533361813,-17.117619259101048
2016-12-30,22.795724868774414,32.27000045776367,181.5,147.123610390081,-18.94015956469366
2017-01-03,23.2397403717041,32.263999938964844,183.0,149.961396386844,-18.053881755822953
2017-01-04,23.231807708740234,32.22700119018555,183.0,149.73829893594666,-18.175792931176694
2017-01-05,23.62825584411621,32.229000091552734,183.5,152.30301195265056,-17.001083404550098
2017-01-06,23.49346923828125,31.94300079345703,184.0,150.09038130389527,-18.429140595709093
2017-01-09,23.818559646606445,32.04100036621094,184.0,152.63409567190683,-17.04668713483324
2017-01-10,23.84233856201172,32.00299835205078,184.0,152.60526434181958,-17.06235633596762
2017-01-11,23.921634674072266,31.929000854492188,182.0,152.75877878986066,-16.066605060516125
2017-01-12,23.223888397216797,31.913999557495117,184.5,148.23343280641856,-19.656675985680995
2017-01-13,23.342817306518555,31.70599937438965,181.5,148.02147018339383,-18.445470973336732
2017-01-17,23.485536575317383,31.680999755859375,181.0,148.80905570177129,-17.785052098468903
2017-01-18,23.382457733154297,31.35099983215332,181.0,146.6126856934905,-18.998516191441706
2017-01-19,23.49346923828125,31.57900047302246,180.5,148.38005523772443,-17.7949832477981
2017-01-20,23.84233856201172,31.613000869750977,181.0,150.74557393955473,-16.71515251958302
2017-01-23,24.048490524291992,31.523000717163086,185.0,151.61611680878923,-18.045342265519338
2017-01-24,24.437015533447266,31.41200065612793,185.5,153.52310959409078,-17.238215852242167
2017-02-02,24.405296325683594,31.2810001373291,184.5,152.68441554305318,-17.24421921785736
2017-02-03,24.55594825744629,31.079999923706055,184.5,152.6397739935921,-17.268415179624885
2017-02-06,24.47665786743164,30.851999282836914,184.5,151.0307661944491,-18.140506127669877
2017-02-07,24.199142456054688,30.922000885009766,184.5,149.6571808885201,-18.8849968083902
2017-02-08,24.048490524291992,31.030000686645508,183.5,149.2449354963137,-18.66761008375275
2017-02-09,23.95334815979004,31.111000061035156,184.0,149.04252321224484,-18.998628688997364
2017-02-10,24.349794387817383,31.040000915527344,185.5,151.16352801815083,-18.510227483476637
2017-02-13,25.1268310546875,30.95199966430664,187.5,155.54513327395543,-17.042595587223776
2017-02-14,24.841392517089844,31.010000228881836,187.5,154.0663175281399,-17.83129731832538
2017-02-15,25.174407958984375,30.7549991607666,189.0,154.8477791302721,-18.06995813213116
2017-02-16,25.626354217529297,30.74799919128418,189.0,157.59182375123055,-16.61808267130659
2017-02-17,25.642215728759766,30.780000686645508,189.5,157.85348354766757,-16.700008681969624
2017-02-21,25.63428497314453,30.783000946044922,190.0,157.82004371589863,-16.93681909689545
2017-02-22,25.428131103515625,30.788000106811523,188.5,156.5762606262113,-16.93567075532557
2017-02-23,25.174407958984375,30.76799964904785,188.5,154.91323504940374,-17.817912440634622
2017-02-24,25.309194564819336,30.719999313354492,189.0,155.49968793056104,-17.725032840973
2017-03-01,25.03961181640625,30.639999389648438,186.0,153.44273815434426,-17.50390421809449
2017-03-02,24.47665786743164,30.756999969482422,186.0,150.56571305632534,-19.050691905201433
2017-03-03,24.460800170898438,30.78499984741211,184.0,150.6051459057373,-18.149377225142782
2017-03-06,24.460800170898438,30.9060001373291,183.5,151.19709868819336,-17.603760932864652
2017-03-07,24.825529098510742,30.968000411987305,185.5,153.7593990700967,-17.110836080810408
2017-03-08,24.754173278808594,30.840999603271484,187.0,152.6886896542099,-18.348294302561552
2017-03-09,24.56387710571289,30.8700008392334,184.5,151.6573813736366,-17.800877304262
2017-03-10,24.627304077148438,31.016000747680664,183.5,152.768096334039,-16.747631425591823
2017-03-13,24.97617530822754,31.027999877929688,186.5,154.9921528829669,-16.894287998409162
2017-03-14,24.746238708496094,30.923999786376953,186.0,153.05053610703325,-17.714765533853093
2017-03-15,25.30126953125,30.947999954223633,186.5,156.60473765898496,-16.0296312820456
2017-03-16,25.697710037231445,30.5049991607666,190.0,156.78172462387374,-17.483302829540136
2017-03-17,25.840438842773438,30.65399932861328,191.5,158.4225589874899,-17.272815150135823
2017-03-20,26.046581268310547,30.51799964904785,191.5,158.97791160103952,-16.982813785357955
2017-03-21,25.753215789794922,30.506999969482422,195.0,157.1306706626696,-19.420168890938672
2017-03-22,25.919727325439453,30.43600082397461,193.5,157.77856844685448,-18.460688141160475
2017-03-23,25.816652297973633,30.490999221801758,193.5,157.43510502540812,-18.63818861736014
2017-03-24,26.014875411987305,30.461000442504883,192.5,158.48782628725093,-17.66866166896056
2017-03-27,26.300310134887695,30.325000762939453,193.0,159.51138498120272,-17.351613999376823
2017-03-28,26.443037033081055,30.229999542236328,194.5,159.8745994810757,-17.80226247759604
2017-03-29,26.110023498535156,30.163000106811523,191.5,157.51132831503347,-17.748653621392442
2017-03-30,26.221023559570312,30.26300048828125,191.5,158.7053697573021,-17.125133286004125
2017-03-31,26.038660049438477,30.29800033569336,189.0,157.78386618377846,-16.51647291863574
2017-04-05,26.08622932434082,30.46299934387207,193.0,158.93295735829815,-17.6513174309336
2017-04-06,26.054521560668945,30.375,191.5,158.28121848106383,-17.346622203099827
2017-04-07,26.062442779541016,30.551000595092773,191.0,159.2467409734658,-16.62474294582943
2017-04-10,25.78493309020996,30.59600067138672,190.0,157.78316602794513,-16.956228406344664
2017-04-11,25.689790725708008,30.628999710083008,191.0,157.37051853796075,-17.60705835708861
2017-04-12,25.594636917114258,30.62700080871582,191.0,156.77739311184922,-17.91759522939831
2017-04-13,25.237838745117188,30.371000289916992,191.5,153.2996815689665,-19.947946961375195
2017-04-17,25.396419525146484,30.384000778198242,187.5,154.32896612309997,-17.691218067680015
2017-04-18,25.20612144470215,30.329999923706055,188.0,152.90033229894834,-18.670036011197688
2017-04-19,25.06340789794922,30.382999420166016,186.5,152.3003015261551,-18.33763993235652
2017-04-20,25.20612144470215,30.399999618530273,187.0,153.2532164607146,-18.046408309778283
2017-04-21,25.43605613708496,30.389999389648438,190.0,154.60034609621508,-18.631396791465747
2017-04-24,25.927654266357422,30.341999053955078,190.0,157.33937224421825,-17.18980408199039
2017-04-25,26.221023559570312,30.253000259399414,192.0,158.65292650987976,-17.368267442770957
2017-04-26,26.1655216217041,30.128000259399414,191.0,157.66296844120444,-17.45394322450029
2017-04-27,26.18138313293457,30.111000061035156,193.0,157.66952582275553,-18.305945169556715
2017-04-28,26.221023559570312,30.145999908447266,194.5,158.09179476524005,-18.718871585994833
2017-05-02,26.90291404724121,30.19499969482422,196.5,162.4666962892661,-17.319747435487987
2017-05-03,27.18836212158203,30.038000106811523,198.0,163.3368048624223,-17.506664210897828
2017-05-04,27.069425582885742,30.042999267578125,198.0,162.64934659207938,-17.85386535753567
2017-05-05,27.291433334350586,30.118999481201172,197.5,164.39813328770833,-16.76043884166667
2017-05-08,27.73545265197754,30.160999298095703,202.5,167.30579359373223,-17.37985501544087
2017-05-09,28.076398849487305,30.145999908447266,203.5,169.27822342923463,-16.816597823471923
2017-05-10,28.076398849487305,30.23200035095215,205.5,169.76113997423454,-17.391172761929663
2017-05-11,28.195335388183594,30.243999481201172,207.5,170.54794177050354,-17.80822083349227
2017-05-12,28.044679641723633,30.190000534057617,206.0,169.33377867222225,-17.7991365668824
2017-05-15,27.798891067504883,30.139999389648438,206.0,167.5717119615001,-18.654508756553344
2017-05-16,27.775100708007812,30.040000915527344,204.5,166.87281013948376,-18.399603843773228
2017-05-17,27.291433334350586,30.097999572753906,204.0,164.28350976742513,-19.46886776106611
2017-05-18,27.67202377319336,30.115999221801758,203.5,166.6741292838342,-18.096250966174843
2017-05-19,27.909894943237305,30.197999954223633,203.0,168.5646012436533,-16.96325061889
2017-05-22,28.068477630615234,29.9950008392334,205.0,168.38280201726155,-17.86204779645778
2017-05-23,28.068477630615234,30.034000396728516,205.0,168.6017336586927,-17.75525187380844
2017-05-24,28.163618087768555,30.134000778198242,205.5,169.73649787473914,-17.403164051221832
2017-05-25,28.203269958496094,30.156999588012695,207.0,170.1052001037955,-17.8235748290843
2017-05-26,28.155689239501953,30.06100082397461,207.0,169.27763948564825,-18.22336256731969
2017-05-31,28.0367488861084,30.097999572753906,203.0,168.77001119909983,-16.8620634487193
2017-06-01,28.456989288330078,30.08099937438965,207.0,171.202935395854,-17.29326792470821
2017-06-02,28.686933517456055,30.091999053955078,209.0,172.64943525363196,-17.392614711180876
2017-06-05,28.853439331054688,30.093000411987305,212.0,173.6573123353359,-18.086173426728358
2017-06-06,28.88515853881836,30.06800079345703,210.5,173.7037939728645,-17.4803829107532
2017-06-07,28.90894317626953,30.073999404907227,211.5,173.88150797592533,-17.786521051571945
2017-06-08,29.202308654785156,30.165000915527344,213.0,176.17753346142126,-17.28754297585856
2017-06-09,28.377702713012695,30.086000442504883,212.0,170.7543152761944,-19.455511662172455
2017-06-12,27.941614151000977,30.17300033569336,207.5,168.61646663159337,-18.73905222573814
2017-06-13,28.195335388183594,30.155000686645508,208.0,170.04607159817533,-18.24708096241571
2017-06-14,28.26669692993164,30.204999923706055,207.0,170.75911572240148,-17.507673564057256
2017-06-15,28.100183486938477,30.197999954223633,208.0,169.71386793044877,-18.406794264207328
2017-06-16,28.441139221191406,30.229000091552734,211.5,171.94944002425183,-18.700028357327735
2017-06-19,28.710718154907227,30.32200050354004,213.0,174.1132820700186,-18.25667508449831
2017-06-20,28.647289276123047,30.356000900268555,216.5,173.92342781124898,-19.66585320496582
2017-06-21,29.10716438293457,30.469999313354492,215.5,177.37905575234254,-17.689533293576552
2017-06-22,29.10716438293457,30.441999435424805,218.0,177.21605634242223,-18.70823103558613
2017-06-23,29.123027801513672,30.427000045776367,217.0,177.22527364996057,-18.329366981584993
2017-06-26,29.58069610595703,30.243999481201172,215.0,178.92771153642678,-16.777808587708478
2017-06-27,28.729211807250977,30.312999725341797,211.5,174.17371792449703,-17.648360319386747
2017-06-28,28.94207763671875,30.3799991607666,208.5,175.8520588628715,-15.65848495785539
2017-06-29,28.499971389770508,30.416000366210938,210.0,173.3710280456522,-17.442367597308483
2017-06-30,28.622779846191406,30.35300064086914,208.5,173.75745100298082,-16.663093044133902
2017-07-03,28.557279586791992,30.41699981689453,209.0,173.7253535924916,-16.877821247611678
2017-07-05,28.508153915405273,30.51099967956543,208.5,173.96245499558646,-16.564769786289467
2017-07-06,28.246158599853516,30.485000610351562,207.5,172.2168324313243,-17.003936177675037
2017-07-07,28.352602005004883,30.577999114990234,206.0,173.39316780334192,-15.828559318766056
2017-07-10,28.65553092956543,30.58799934387207,206.0,175.30307225437065,-14.901421235742408
2017-07-12,29.220457077026367,30.56999969482422,210.5,178.65387278546405,-15.12880152709547
2017-07-13,29.597070693969727,30.46500015258789,214.5,180.33495264158847,-15.92776100625246
2017-07-14,29.678932189941406,30.361000061035156,213.0,180.21641240605385,-15.39135567790899
2017-07-17,29.400569915771484,30.3439998626709,213.0,178.4261778973232,-16.23184136275906
2017-07-18,29.367830276489258,30.39699935913086,214.0,178.53878361870156,-16.570661860419833
2017-07-19,29.809940338134766,30.35099983215332,214.5,180.95229883984575,-15.639953920817828
2017-07-20,29.556133270263672,30.37700080871582,215.5,179.56533685066242,-16.67501770270885
2017-07-21,29.351442337036133,30.42300033569336,214.0,178.59178801454692,-16.5458934511463
2017-07-24,29.654380798339844,30.430999755859375,214.5,180.48249096688815,-15.85897857021531
2017-07-25,29.556133270263672,30.339000701904297,214.0,179.34070960642129,-16.195930090457345
2017-07-26,29.654380798339844,30.343000411987305,213.0,179.96057775625087,-15.511465842135742
2017-07-27,29.62162971496582,30.246999740600586,215.5,179.19308526094756,-16.847756259421086
2017-07-28,29.359638214111328,30.23200035095215,213.0,177.52011855856836,-16.657221334005467
2017-07-31,29.44150733947754,30.242000579833984,214.5,178.07401640633324,-16.981810533177978
2017-08-01,29.3432674407959,30.200000762939453,212.0,177.2333398198345,-16.399368009512028
2017-08-02,29.531570434570312,30.236000061035156,216.0,178.5833130924264,-17.32254023498777
2017-08-03,29.302324295043945,30.23200035095215,213.5,177.17357567429644,-17.014718653725314
2017-08-04,29.498811721801758,30.20400047302246,213.0,178.19642463978016,-16.339706741887248
2017-08-07,30.121055603027344,30.202999114990234,216.0,181.9492431441613,-15.764239285110504
2017-08-08,30.047365188598633,30.214000701904297,217.5,181.57022257973875,-16.51943789437299
2017-08-09,29.850875854492188,30.180999755859375,214.5,180.18585537532346,-15.997270221294425
2017-08-10,28.933887481689453,30.20199966430664,214.0,174.7722520018142,-18.330723363638224
2017-08-11,29.588882446289062,30.290000915527344,212.5,179.24945527750532,-15.647315163526908
2017-08-14,29.515188217163086,30.332000732421875,211.0,179.05094212411205,-15.14173359046822
2017-08-15,29.8181209564209,30.281999588012695,214.0,180.59046530353007,-15.611932101154169
2017-08-16,29.75262451171875,30.284000396728516,213.0,180.20569850332103,-15.396385679192004
2017-08-17,29.302324295043945,30.343000411987305,214.0,177.8240876313408,-16.90463194797158
2017-08-18,29.359638214111328,30.29400062561035,212.5,177.88417968519644,-16.28979779520168
2017-08-21,29.457876205444336,30.30900001525879,211.5,178.56775407206078,-15.57080185718166
2017-08-22,29.899993896484375,30.308000564575195,214.5,181.24180637908867,-15.504985371054236
2017-08-23,29.949113845825195,30.280000686645508,215.5,181.3718375632023,-15.836734309418887
2017-08-24,30.153799057006836,30.270999908447266,217.0,182.55712969879824,-15.872290461383297
2017-08-25,30.170177459716797,30.243999481201172,217.5,182.4933662878844,-16.09500400557039
2017-08-28,30.104677200317383,30.106000900268555,216.0,181.26628777900987,-16.080422324532464
2017-08-29,30.19473648071289,30.141000747680664,216.0,182.01991496823757,-15.73152084803816
2017-08-30,30.23567008972168,30.180999755859375,217.5,182.5085503192269,-16.08802284173475
2017-08-31,30.268430709838867,30.13599967956543,216.5,182.4338836345305,-15.734926727699538
2017-09-01,30.47311019897461,30.180999755859375,216.5,183.94178629510571,-15.038435891406133
2017-09-05,30.170177459716797,30.073999404907227,218.0,181.46757979389366,-16.757990920232267
2017-09-06,30.5140380859375,30.048999786376953,217.0,183.38326478516683,-15.49158304831022
2017-09-07,30.735097885131836,30.076000213623047,217.0,184.87776211179008,-14.802874602861715
2017-09-08,30.702356338500977,30.03700065612793,218.0,184.44133949684547,-15.393880964749783
2017-09-11,30.980722427368164,29.988000869750977,217.0,185.809986219486,-14.373278239868203
2017-09-12,30.99709129333496,30.0049991607666,219.0,186.01353964854425,-15.062310662765178
2017-09-13,30.726905822753906,30.009000778198242,218.0,184.4167481493292,-15.405161399390266
2017-09-14,30.604108810424805,30.03700065612793,218.5,183.8511272837881,-15.857607650440231
2017-09-15,30.82516860961914,30.086999893188477,218.5,185.48736893302558,-15.108755637059234
2017-09-18,31.169025421142578,30.054000854492188,219.5,187.35078332814155,-14.646567959844404
2017-09-19,31.357337951660156,30.091999053955078,221.5,188.7209967951814,-14.798647045064827
2017-09-20,30.964332580566406,30.11400032043457,221.5,186.49198425064387,-15.804973250273646
2017-09-21,31.308216094970703,30.121000289916992,221.0,188.60695721467928,-14.657485423222038
2017-09-22,30.923402786254883,30.18899917602539,218.5,186.70931624682999,-14.549512015180788
2017-09-25,30.35028648376465,30.163000106811523,217.0,183.09113889031067,-15.626203276354534
2017-09-26,30.407611846923828,30.20400047302246,214.0,183.68630452159414,-14.16527826093732
2017-09-27,30.497665405273438,30.19700050354004,215.0,184.18760351996752,-14.33134720001511
2017-09-28,30.33392333984375,30.284000396728516,214.0,183.7265092916321,-14.146490985218641
2017-09-29,30.743288040161133,30.365999221801758,216.5,186.71013214063206,-13.759754207560249
2017-10-02,31.21815299987793,30.312999725341797,220.5,189.2631726621956,-14.166361604446443
2017-10-03,31.471946716308594,30.441999435424805,222.5,191.61379683391715,-13.881439625205772
2017-10-05,31.48832130432129,30.426000595092773,224.5,191.6127365487504,-14.649115123051049
2017-10-06,31.48832130432129,30.332000732421875,224.5,191.02075697308175,-14.912803130030404
2017-10-11,33.03573226928711,30.35700035095215,233.0,200.573147218542,-13.917104198050644
2017-10-12,33.10940933227539,30.211999893188477,237.5,200.06029424204752,-15.764086634927367
2017-10-13,33.420536041259766,30.191999435424805,237.5,201.80656105786184,-15.028816396689749
2017-10-16,33.477848052978516,30.143999099731445,238.0,201.8312443139861,-15.196956170594078
2017-10-17,33.77257537841797,30.142000198364258,235.5,203.59459475110924,-13.547942780845334
2017-10-18,33.97726821899414,30.180999755859375,237.5,205.09358476444612,-13.644806414970056
2017-10-19,33.625213623046875,30.197999954223633,239.0,203.08283988990587,-15.028100464474537
2017-10-20,33.66615676879883,30.209999084472656,237.5,203.4109130326251,-14.353299775736794
2017-10-23,33.739830017089844,30.222000122070312,239.0,203.93702937902418,-14.670699004592391
2017-10-24,33.829898834228516,30.246000289916992,238.0,204.64382598958764,-14.015199164038805
2017-10-25,33.698890686035156,30.257999420166016,238.0,203.93220296765793,-14.314200433757174
2017-10-26,33.731651306152344,30.24799919128418,236.0,204.0629922858352,-13.532630387357958
2017-10-27,34.50944519042969,30.211999893188477,239.0,208.51987088145106,-12.753192099811272
2017-10-30,34.493064880371094,30.136999130249023,243.0,207.90349325987336,-14.443006888941001
2017-10-31,34.656803131103516,30.183000564575195,243.0,209.20926169449376,-13.905653623665115
2017-11-01,34.4684944152832,30.16699981689453,242.5,207.96221294289572,-14.242386415300734
2017-11-02,34.50944519042969,30.128000259399414,241.0,207.9401147297991,-13.717794717925692
2017-11-03,34.54218292236328,30.179000854492188,239.0,208.4897135860054,-12.765810215060503
2017-11-06,34.738685607910156,30.155000686645508,239.5,209.50901767193864,-12.522330825912887
2017-11-07,34.80418014526367,30.197999954223633,244.0,210.2033260866927,-13.851095866109553
2017-11-08,34.738685607910156,30.172000885009766,242.5,209.62713058118825,-13.55582244074711
2017-11-09,34.09189224243164,30.16900062561035,241.0,205.70366367803217,-14.645782706210719
2017-11-10,34.15738296508789,30.179000854492188,240.5,206.16713793812087,-14.275618320947657
2017-11-13,34.394832611083984,30.107999801635742,239.5,207.11192268636222,-13.523205558930185
2017-11-14,34.272003173828125,30.149999618530273,240.0,206.66017652343726,-13.89159311523448
2017-11-15,34.0100212097168,30.174999237060547,237.5,205.25047281112347,-13.578748290053277
2017-11-17,34.44393539428711,30.128000259399414,241.5,207.54537889876374,-14.059884513969468
2017-11-20,34.558563232421875,30.070999145507812,238.5,207.84210508642718,-12.854463276131156
2017-11-21,34.86150360107422,30.077999114990234,243.0,209.71285489206784,-13.698413624663441
2017-11-22,34.72230911254883,29.99799919128418,242.0,208.3199601355518,-13.917371844813298
2017-11-24,35.197174072265625,30.003999710083008,244.0,211.2112001319998,-13.438032732786976
2017-11-27,33.64158248901367,29.976999282836914,237.0,201.69473882933235,-14.896734671167788
2017-11-28,33.51059341430664,29.986000061035156,234.0,200.96973123334465,-14.115499472929638
2017-11-29,32.2661247253418,29.979999542236328,234.5,193.46768089909747,-17.497790661365688
2017-11-30,32.42167282104492,29.97100067138672,226.0,194.34199557740357,-14.007966558670992
2017-12-01,32.5035514831543,29.982999801635742,231.0,194.91079553437447,-15.623032236201528
2017-12-04,32.24974060058594,29.992000579833984,234.0,193.4468477584538,-17.33040694083171
2017-12-05,32.09418869018555,30.031999588012695,229.5,192.77053230425082,-16.00412535762491
2017-12-06,31.668453216552734,29.972999572753906,227.0,189.83970694590244,-16.370173151584833
2017-12-07,31.938623428344727,29.992000579833984,226.5,191.58064247640286,-15.416934889005363
2017-12-08,31.930444717407227,30.009000778198242,227.0,191.6401480745779,-15.57702727992163
2017-12-11,32.233367919921875,30.003000259399414,227.5,193.41954921254654,-14.98041792855097
2017-12-12,32.17606735229492,30.006999969482422,227.5,193.10145041167561,-15.120241577285443
2017-12-13,32.167869567871094,30.000999450683594,227.0,193.01364744707243,-14.971961477060603
2017-12-14,32.2579345703125,30.023000717163086,230.5,193.6959985477384,-15.967028829614572
2017-12-15,32.33980941772461,30.003999710083008,230.0,194.0647264787098,-15.62403196577835
2017-12-18,32.2579345703125,29.961000442504883,227.0,193.29599838708526,-14.847577803046141
2017-12-19,32.20881652832031,29.992000579833984,225.0,193.20136879862986,-14.132724978386735
2017-12-20,32.290679931640625,29.985000610351562,224.5,193.64721149178223,-13.742890204105906
2017-12-21,32.11875534057617,29.97800064086914,225.0,192.57121363674233,-14.412793939225633
2017-12-22,32.44624710083008,29.965999603271484,227.5,194.45684555022453,-14.524463494406803
2017-12-26,31.889497756958008,29.900999069213867,226.0,190.70556854969982,-15.617005066504507
2017-12-27,31.99593734741211,29.934999465942383,225.0,191.5596734814215,-14.862367341590444
2017-12-28,32.53630447387695,29.934999465942383,226.0,194.79485140984906,-13.807587871748206
2017-12-29,32.46261978149414,29.80900001525879,229.5,193.53564671237982,-15.67074217325498
2018-01-02,33.58428192138672,29.773000717163086,232.5,199.9809699461708,-13.986679593044816
2018-01-03,34.149208068847656,29.621999740600586,237.0,202.31356651142414,-14.63562594454677
2018-01-04,33.969078063964844,29.593000411987305,239.5,201.0493882283481,-16.054535186493478
2018-01-05,34.763248443603516,29.56999969482422,240.0,205.58984917369088,-14.337562844295471
2018-01-08,34.74687576293945,29.466999053955078,242.0,204.7772310468863,-15.381309484757733
2018-01-09,34.53400802612305,29.503000259399414,242.0,203.77136955056193,-15.796954731172752
2018-01-10,33.81351089477539,29.51799964904785,236.5,199.62144054501113,-15.593471228325107
2018-01-11,33.59245300292969,29.59600067138672,235.0,198.84045232564677,-15.387041563554572
2018-01-12,33.72344970703125,29.58799934387207,237.0,199.56188156094868,-15.796674446857095
2018-01-16,34.5749397277832,29.523000717163086,240.5,204.1511940758428,-15.11384861711318
2018-01-17,35.31179428100586,29.549999237060547,242.0,208.69269881259243,-13.763347598102305
2018-01-18,36.49077224731445,29.555999755859375,248.5,215.7042511265492,-13.197484456117026
2018-01-19,36.572635650634766,29.542999267578125,255.5,216.0930696480209,-15.42345610644974
2018-01-22,37.97267150878906,29.36400032043457,261.5,223.00590767036775,-14.720494198712142
2018-01-23,37.89079284667969,29.261999130249023,266.0,221.7520694647974,-16.63456035157993
2018-01-24,37.113006591796875,29.26799964904785,258.0,217.2446927807643,-15.796630705130122
2018-01-25,36.92470169067383,29.08799934387207,258.0,214.81313971019844,-16.739093135581996
2018-01-26,37.432308197021484,29.06399917602539,255.0,217.58651491899218,-14.671954933728559
2018-01-29,37.17032241821289,29.097999572753906,258.5,216.31640516885673,-16.318605350538984
2018-01-30,36.744571685791016,29.131000518798828,253.0,214.08122736836376,-15.38291408365069
2018-01-31,37.09662628173828,29.219999313354492,255.0,216.79267889603216,-14.983263178026608
2018-02-01,37.211246490478516,29.142000198364258,259.5,216.88203052138124,-16.423109625671973
2018-02-02,36.44164276123047,29.187000274658203,259.5,212.72444745620595,-18.02526109587439
2018-02-05,35.16443634033203,29.34600067138672,253.0,206.38711449046386,-18.42406541878899
2018-02-06,35.68840789794922,29.301000595092773,239.0,209.14121221114473,-12.493216648056594
2018-02-07,34.288387298583984,29.375,240.0,201.4442753791809,-16.06488525867462
2018-02-08,33.04391098022461,29.263999938964844,238.5,193.39940178169053,-18.910104074762877
2018-02-09,33.95270919799805,29.368999481201172,232.5,199.43141976427577,-14.223045262677092
2018-02-12,34.820560455322266,29.305999755859375,236.5,204.0902672405122,-13.70390391521683
2018-02-21,35.115299224853516,29.319000244140625,242.5,205.90909330931026,-15.08903368688237
2018-02-22,34.705936431884766,29.218000411987305,239.5,202.80761299304285,-15.320412111464366
2018-02-23,35.94221878051758,29.2810001373291,245.0,210.48482260964957,-14.087827506265482
2018-02-26,36.35976791381836,28.479000091552734,246.5,207.09796674929385,-15.984597667629274
2018-02-27,35.71297073364258,29.20199966430664,246.0,208.5780318750447,-15.212182164615973
2018-03-01,34.97611999511719,29.33300018310547,243.0,205.19090684421826,-15.55929759497191
2018-03-02,35.21354675292969,29.288999557495117,240.0,206.27391105287825,-14.052537061300729
2018-03-05,35.606544494628906,29.26799964904785,241.5,208.4264663545211,-13.69504498777594
2018-03-06,35.64748001098633,29.256999969482422,250.0,208.58766431871044,-16.56493427251583
2018-03-07,36.18783187866211,29.198999404907227,247.0,211.32969629798754,-14.441418502839054
2018-03-08,35.8603401184082,29.256999969482422,249.5,209.8331939499796,-15.898519458926009
2018-03-09,36.507144927978516,29.32900047302246,250.5,214.14361417227627,-14.51352727653642
2018-03-12,37.022926330566406,29.24799919128418,254.0,216.569303875076,-14.736494537371648
2018-03-13,36.834632873535156,29.256000518798828,259.0,215.52680769158178,-16.78501633529661
2018-03-14,36.96562957763672,29.256999969482422,257.0,216.3006846849632,-15.836309461103815
2018-03-15,37.09662628173828,29.17300033569336,255.0,216.44397819404838,-15.12000855135357
2018-03-16,36.818260192871094,29.128000259399414,255.0,214.48845848971686,-15.886879023640443
2018-03-19,36.515323638916016,29.113000869750977,255.0,212.61412977180007,-16.621909893411736
2018-03-20,36.70363235473633,29.156999588012695,253.0,214.0335586891233,-15.401755458844546
2018-03-21,36.597206115722656,29.145000457763672,252.5,213.32511779912164,-15.514804832031038
2018-03-22,35.77028274536133,29.07200050354004,251.5,207.98273559698282,-17.30308723778019
2018-03-23,34.86150360107422,29.177000045776367,245.0,203.4308184328751,-16.96701288454078
2018-03-26,36.245140075683594,29.177000045776367,243.5,211.5048907294782,-13.139675265101358
2018-03-27,35.44280242919922,29.075000762939453,251.0,206.0999015339359,-17.888485444647053
2018-03-28,34.95155715942383,29.177000045776367,245.0,203.95631696809286,-16.752523686492705
2018-03-29,35.82758712768555,29.136999130249023,244.0,208.781674995659,-14.433739755877461
2018-04-02,34.795997619628906,28.974000930786133,246.5,201.635853483752,-18.200465118153353
2018-04-03,35.59835433959961,29.142000198364258,244.0,207.4814498452106,-14.9666189158973
2018-04-09,35.262672424316406,29.309999465942383,245.0,206.70978198488302,-15.628660414333462
2018-04-10,35.680233001708984,29.242000579833984,245.5,208.67227882491716,-15.001108421622344
2018-04-11,35.5164680480957,29.190000534057617,248.0,207.34514425835079,-16.39308699260049
2018-04-12,35.901275634765625,29.18600082397461,245.0,209.56293205160182,-14.464109366693133
2018-04-13,34.918819427490234,29.284000396728516,244.5,204.51254439358308,-16.35478756908667
2018-04-16,35.09892654418945,29.30900001525879,243.5,205.74288772384315,-15.506000934766673
2018-04-17,34.640438079833984,29.34600067138672,238.0,203.31166382958764,-14.574931164038807
2018-04-18,34.321136474609375,29.374000549316406,238.0,201.62981633166783,-15.281589776610161
2018-04-19,32.3643684387207,29.280000686645508,244.5,189.52574602171808,-22.484357455330027
2018-04-20,31.889497756958008,29.382999420166016,229.0,187.4018188204165,-18.165144619905462
2018-04-23,31.725753784179688,29.468000411987305,226.5,186.97890511656297,-17.448607012554984
2018-04-24,31.725753784179688,29.597999572753906,227.0,187.8037693898892,-17.267061942780092
2018-04-25,31.250896453857422,29.61199951171875,225.0,185.08030610647984,-17.742086174897853
2018-04-26,31.250896453857422,29.67799949645996,222.0,185.4928178443006,-16.444676646711443
2018-04-27,31.250896453857422,29.632999420166016,223.5,185.21155929936504,-17.13129337836017
2018-04-30,31.480148315429688,29.540000915527344,227.0,185.9847220117459,-18.068404400111937
2018-05-02,30.907033920288086,29.69700050354004,223.0,183.56924037874487,-17.681954987109926
2018-05-03,31.19359016418457,29.773000717163086,220.5,185.74535646583172,-15.761743099396043
2018-05-04,31.594758987426758,29.667999267578125,223.0,187.4706572996569,-15.932440672799597
2018-05-07,31.480148315429688,29.673999786376953,223.5,186.82838287743508,-16.407882381460816
2018-05-08,32.077816009521484,29.812999725341797,228.0,191.26718397628574,-16.110884220927314
2018-05-09,32.21700668334961,29.804000854492188,229.5,192.03913894394645,-16.32281527496886
2018-05-10,32.56086349487305,29.884000778198242,229.5,194.60977400391857,-15.202712852323064
2018-05-11,32.67548751831055,29.70199966430664,233.0,194.10546385998313,-16.692933965672474
2018-05-14,32.70823287963867,29.667999267578125,233.0,194.07756582337896,-16.704907371940358
2018-05-15,32.17606735229492,29.79400062561035,230.5,191.73075416479114,-16.8196294295917
2018-05-16,32.577239990234375,29.885000228881836,230.5,194.71416491289855,-15.52530806381841
2018-05-17,31.897708892822266,29.80900001525879,226.5,190.16776097457188,-16.04072363153559
2018-05-18,31.455581665039062,29.895000457763672,223.5,188.07292565511307,-15.851039975340909
2018-05-21,32.315250396728516,29.926000595092773,229.0,193.4132405206139,-15.54006964165332
2018-05-22,32.45442581176758,29.91900062561035,229.0,194.2007972332198,-15.196158413441141
2018-05-23,32.46261978149414,29.83300018310547,228.5,193.6914683770796,-15.233493051606306
2018-05-24,32.15150451660156,29.913999557495117,229.0,192.3560183764843,-16.0017387002252
2018-05-25,32.17606735229492,29.91200065612793,228.5,192.49010955069244,-15.759251837771359
2018-05-29,31.242713928222656,29.893999099731445,225.0,186.79393240869103,-16.98047448502621
2018-05-30,31.39008331298828,30.059999465942383,221.0,188.71717752486293,-14.60761197970003
2018-05-31,31.68482780456543,29.895999908447266,224.0,189.4499218288911,-15.424142040673615
2018-06-01,32.09418869018555,29.969999313354492,224.0,192.37256260150608,-14.119391695756212
2018-06-04,32.724609375,29.804000854492188,229.0,195.0648571550846,-14.818839670268725
2018-06-05,32.37256622314453,29.64299964904785,229.0,191.92399383829033,-16.19039570380335
2018-06-06,32.38894271850586,29.799999237060547,230.0,193.03809366013448,-16.0703940608111
2018-06-07,32.35619354248047,29.677000045776367,230.0,192.04695144826837,-16.501325457274618
2018-06-08,31.87314224243164,29.756999969482422,227.0,189.68981854706945,-16.43620328322932
2018-06-11,31.733951568603516,29.836000442504883,226.0,189.3628386086566,-16.211133359001508
2018-06-12,32.09418869018555,29.81599998474121,229.0,191.38406589937077,-16.426172096344636
2018-06-13,31.971384048461914,29.801000595092773,232.0,190.55584701083063,-17.86385904705576
2018-06-14,31.602951049804688,29.805999755859375,226.5,188.39151025498285,-16.82494028477578
2018-06-15,31.6766357421875,29.878999710083008,231.0,189.29323803144507,-18.054875311062734
2018-06-19,30.75147247314453,30.159000396728516,225.0,185.4867341035104,-17.561451509550928
2018-06-20,31.398269653320312,30.176000595092773,226.0,189.49484074869542,-16.152725332435658
2018-06-21,30.800594329833984,30.16200065612793,226.5,185.80150927711657,-17.968428575224472
2018-06-22,31.209957122802734,30.319000244140625,227.5,189.2509395251749,-16.812773835087945
2018-06-25,30.98505973815918,30.29800033569336,218.0,187.75707006964512,-13.872903637777467
2018-06-26,30.942636489868164,30.341999053955078,214.5,187.77228942049115,-12.460471132638162
2018-06-27,30.136390686035156,30.406999588012695,213.0,183.27144383489212,-13.957068622116376
2018-06-28,30.501310348510742,30.493000030517578,212.0,186.01529147759283,-12.256937982267536
2018-06-29,31.02750587463379,30.569000244140625,216.5,189.695966931351,-12.380615736096534
2018-07-02,31.010515213012695,30.464000701904297,214.0,188.94087144312653,-11.709873157417515
2018-07-03,30.88322639465332,30.53499984741211,214.5,188.60386264966655,-12.07279130551676
2018-07-05,31.052959442138672,30.506999969482422,214.5,189.46652655073268,-11.670616992665417
2018-07-06,31.63005256652832,30.509000778198242,217.0,193.00025967333278,-11.059788168971075
2018-07-09,32.105316162109375,30.42799949645996,221.5,195.38010880287038,-11.792275935498697
2018-07-10,32.19017028808594,30.30900001525879,222.0,195.13037435055594,-12.103434977227057
2018-07-11,31.37546157836914,30.399999618530273,220.0,190.76280400272663,-13.289634544215168
2018-07-12,31.663997650146484,30.645000457763672,220.5,194.06864449667336,-11.987009298560835
2018-07-13,32.054386138916016,30.479000091552734,224.5,195.3971276125376,-12.96341754452669
2018-07-16,32.07136917114258,30.56599998474121,223.5,196.05869391915476,-12.277989297917335
2018-07-17,32.283538818359375,30.469999313354492,221.5,196.73588112561265,-11.180189108075556
2018-07-18,32.59754180908203,30.485000610351562,223.0,198.74721638916526,-10.875687717863114
2018-07-19,33.78569030761719,30.559999465942383,224.5,206.4981355514552,-8.01864786126717
2018-07-20,34.566463470458984,30.670000076293945,237.5,212.0306874552378,-10.723921071478825
2018-07-23,34.574954986572266,30.570999145507812,241.0,211.39818387009436,-12.282911257222262
2018-07-24,34.27790832519531,30.56999969482422,241.0,209.57512940808664,-13.039365390835423
2018-07-25,34.70226287841797,30.618999481201172,240.5,212.5097138141573,-11.638372634446037
2018-07-26,34.64284896850586,30.398000717163086,241.0,210.61466955784272,-12.608020930355723
2018-07-27,35.177513122558594,30.60300064086914,244.5,215.30749132676866,-11.939676348969874
2018-07-30,34.87199020385742,30.55500030517578,245.5,213.10273426419008,-13.196442254912387
2018-07-31,34.973819732666016,30.57200050354004,246.0,213.8439268955568,-13.071574432700494
2018-08-01,35.398170471191406,30.570999145507812,248.0,216.43148784546648,-12.729238771989326
2018-08-02,35.26237487792969,30.621000289916992,244.5,215.95383827204932,-11.67532177012297
2018-08-03,35.381195068359375,30.667999267578125,247.0,217.0140928884968,-12.140043364981047
2018-08-06,34.855010986328125,30.572999954223633,245.5,213.1244498578948,-13.187596799228185
2018-08-07,34.99928283691406,30.57200050354004,241.5,213.9996185027354,-11.387321530958427
2018-08-08,35.61882781982422,30.466999053955078,247.5,217.03975869791466,-12.307168202862762
2018-08-09,35.50849151611328,30.572999954223633,247.0,217.12022189933631,-12.09707615411485
2018-08-10,34.82106399536133,30.591999053955078,245.0,213.0491913607606,-13.041146383363023
2018-08-13,34.549495697021484,30.731000900268555,240.5,212.34811667379836,-11.705564792599432
2018-08-14,34.71923828125,30.847999572753906,243.5,214.2038095332682,-12.031289719397043
2018-08-15,34.32884216308594,30.809999465942383,241.5,211.53432174221962,-12.408148346906989
2018-08-16,34.29487991333008,30.826000213623047,239.0,211.43479510689795,-11.53355853267868
2018-08-17,34.0572509765625,30.743999481201172,239.5,209.41122127091512,-12.563164396277616
2018-08-20,34.031803131103516,30.655000686645508,239.5,208.6489896703526,-12.881423937222303
2018-08-21,34.70226287841797,30.70599937438965,241.0,213.11353244692145,-11.571148362273254
2018-08-22,34.710731506347656,30.631000518798828,242.0,212.64488695576438,-12.130212001750262
2018-08-23,34.52404022216797,30.66699981689453,244.5,211.7497470343369,-13.394786489023758
2018-08-24,34.99928283691406,30.812999725341797,243.5,215.68657848819856,-11.422349696838374
2018-08-27,35.245399475097656,30.65999984741211,245.0,216.1247885056946,-11.785800609920571
2018-08-28,35.94131851196289,30.677000045776367,249.5,220.51436592734973,-11.617488606272651
2018-08-29,37.45195770263672,30.589000701904297,259.0,229.12359209072892,-11.535292629062187
2018-08-30,36.883338928222656,30.61199951171875,263.5,225.81455065226183,-14.301878310337068
2018-08-31,37.00215530395508,30.683000564575195,256.0,227.06743041635053,-11.301784993613072
2018-09-04,37.434993743896484,30.729999542236328,257.5,230.07546812271175,-10.650303641665337
2018-09-05,37.528343200683594,30.714000701904297,264.0,230.52911188142025,-12.678366711583244
2018-09-06,37.38405990600586,30.72800064086914,261.0,229.74748335000768,-11.974144310341883
2018-09-07,38.08845901489258,30.784000396728516,264.0,234.50302748504618,-11.173095649603725
2018-09-10,37.86780548095703,30.80500030517578,264.5,233.3035518794437,-11.7944983442557
2018-09-11,37.80839920043945,30.781999588012695,260.0,232.76362572226935,-10.475528568357939
2018-09-12,37.290706634521484,30.742000579833984,260.5,229.2781849961757,-11.985341652139848
2018-09-13,36.857879638671875,30.718000411987305,255.0,226.44007238514024,-11.19997161367049
2018-09-14,37.689579010009766,30.69700050354004,261.0,231.39140516969638,-11.344289207012881
2018-09-17,37.137935638427734,30.756999969482422,258.0,228.45029705955238,-11.453373232731634
2018-09-18,36.96821212768555,30.798999786376953,254.5,227.716791484665,-10.523854033530444
2018-09-19,37.35860061645508,30.7189998626709,258.0,229.5237694412921,-11.037298666165851
2018-09-20,37.48590850830078,30.670000076293945,260.0,229.93856336190657,-11.56209101465132
2018-09-21,37.39254379272461,30.711000442504883,261.5,229.67248579294974,-12.171133539980982
2018-09-25,37.48590850830078,30.66699981689453,263.5,229.91606987203704,-12.745324526741165
2018-09-26,37.570762634277344,30.590999603271484,263.5,229.86543696795707,-12.764540050111172
2018-09-27,37.98661804199219,30.590999603271484,265.0,232.40972349044168,-12.298217550776725
2018-09-28,37.47742462158203,30.520999908447266,262.5,228.7696946888289,-12.849640118541373
2018-10-01,37.90174865722656,30.44700050354004,263.0,230.79891209032502,-12.243759661473375
2018-10-02,37.019134521484375,30.549999237060547,257.5,226.18690627759787,-12.160424746563937
2018-10-03,37.307682037353516,30.642000198364258,260.0,228.63640007781942,-12.062923046992536
2018-10-04,36.009220123291016,30.731000900268555,254.0,221.31987520536495,-12.866190864029548
2018-10-05,35.33027267456055,30.80900001525879,250.0,217.6980742739266,-12.920770290429362
2018-10-08,34.761661529541016,30.900999069213867,243.5,214.8340141137349,-11.772478803394293
2018-10-09,34.710731506347656,30.952999114990234,244.0,214.88024831932853,-11.93432445929159
2018-10-11,33.04734420776367,31.069000244140625,227.5,205.34958905184175,-9.73644437281681
2018-10-12,33.65837478637695,30.94300079345703,237.0,208.29822354426724,-12.110454200731125
2018-10-15,32.886085510253906,30.892000198364258,230.5,203.18339202123752,-11.851022984278735
2018-10-16,33.95541763305664,30.825000762939453,237.0,209.33515488897973,-11.672930426590833
2018-10-17,33.58200454711914,30.76799964904785,238.5,206.65022082401703,-13.354205105233952
2018-10-18,32.7078742980957,30.802000045776367,236.5,201.4935891254383,-14.801865063239628
2018-10-19,32.63148880004883,30.94700050354004,236.0,201.96934006527445,-14.419771158782012
2018-10-22,32.86063003540039,30.885000228881836,237.0,202.98011323290848,-14.35438260214832
2018-10-23,32.24958038330078,30.844999313354492,230.0,198.9476569557766,-13.50101871487973
2018-10-24,30.95960807800293,30.937999725341797,229.5,191.56566924278886,-16.529120155647558
2018-10-25,31.73190689086914,30.905000686645508,219.5,196.13492085017643,-10.644682983974295
2018-10-26,31.120853424072266,30.881000518798828,221.0,192.20861814684758,-13.027774594186614
2018-10-29,30.832313537597656,30.96299934387207,222.5,190.93218076693884,-14.18778392497131
2018-10-30,32.06288528442383,30.89699935913086,223.0,198.12938921694587,-11.152740261459249
2018-10-31,32.33445358276367,30.857999801635742,234.0,199.5553124485843,-14.719951945049448
2018-11-01,33.14069366455078,30.930999755859375,235.5,205.01495752944612,-12.944816335691666
2018-11-02,32.91155242919922,30.6200008392334,236.5,201.55035260051082,-14.77786359386435
2018-11-05,32.656951904296875,30.591999053955078,235.0,199.8082883522613,-14.975196445846262
2018-11-06,32.869117736816406,30.69499969482422,234.5,201.78351178014418,-13.951594123605894
2018-11-07,33.25102996826172,30.68199920654297,234.0,204.0416150205885,-12.802728623680126
2018-11-08,32.84366226196289,30.569000244140625,236.5,200.79958394088317,-15.09531334423545
2018-11-09,32.30899429321289,30.61400032043457,231.0,197.82151232906762,-14.362981675728303
2018-11-12,31.45183753967285,30.77400016784668,231.5,193.57977074499576,-16.380228619872238
2018-11-13,31.740379333496094,30.888999938964844,227.5,196.08571505901637,-13.80847689713567
2018-11-14,32.11380386352539,30.766000747680664,228.5,197.60266273521847,-13.521810619160402
2018-11-15,32.69089126586914,30.763999938964844,231.0,201.1405153815809,-12.926183817497439
2018-11-16,31.290578842163086,30.788000106811523,226.0,192.6748689469423,-14.745633209317566
2018-11-19,30.594669342041016,30.770000457763672,222.0,188.27959793194606,-15.189370300925198
2018-11-20,30.246719360351562,30.8799991607666,218.0,186.80373369271985,-14.310213902422086
2018-11-21,30.696516036987305,30.94099998474121,219.0,189.9561804464065,-13.26201806100159
2018-11-23,30.518293380737305,30.79599952697754,218.5,187.96826970346956,-13.973331943492195
2018-11-26,31.26512336730957,30.905000686645508,223.0,193.24973182695175,-13.340927431860205
2018-11-27,31.231176376342773,30.851999282836914,224.0,192.7088462330161,-13.969265074546389
2018-11-28,32.25807189941406,30.895999908447266,226.5,199.32907729019644,-11.995992366359188
2018-11-29,32.19017028808594,30.722000122070312,229.0,197.78928310400806,-13.629134015717003
2018-11-30,31.90163230895996,30.642000198364258,225.5,195.50596470785894,-13.301124298066991
2018-12-03,32.869117736816406,30.832000732421875,235.0,202.68413242711685,-13.751433009737513
2018-12-04,31.77432632446289,30.56100082397461,234.0,194.2110425966297,-17.003827950158247
2018-12-06,31.282102584838867,30.70800018310547,220.0,192.1221623806312,-12.671744372440363
2018-12-07,30.99355125427246,30.81999969482422,221.0,191.0442480396392,-13.554638896090864
2018-12-10,30.917173385620117,30.920000076293945,219.0,191.19180068843343,-12.69780790482492
2018-12-11,31.14630889892578,30.867000579833984,222.5,192.2786269685661,-13.58263956468939
2018-12-12,31.72341537475586,30.753999710083008,226.5,195.1243814476169,-13.85237022180269
2018-12-13,31.68097496032715,30.673999786376953,226.0,194.3564438330577,-14.001573525195699
2018-12-14,31.00204086303711,30.715999603271484,222.5,190.45173496993084,-14.403714620255803
2018-12-17,30.738956451416016,30.825000762939453,223.5,189.50567121337227,-15.209990508558269
2018-12-18,31.197233200073242,30.724000930786133,222.5,191.70076437540047,-13.84235308970766
2018-12-19,30.747432708740234,30.670000076293945,225.5,188.6047527045812,-16.361528734110344
2018-12-20,30.450397491455078,30.81599998474121,221.0,187.6718897264087,-15.08059288397796
2018-12-21,30.306119918823242,30.711000442504883,223.5,186.14625244751733,-16.7130861532361
2018-12-24,29.949682235717773,30.795000076293945,220.0,184.46009334678166,-16.15450302419016
2018-12-26,31.197233200073242,30.798999786376953,216.5,192.16871573292156,-11.238468483639007
2018-12-27,31.214197158813477,30.805999755859375,223.0,192.31691001075086,-13.75923317903549
2018-12-28,31.519731521606445,30.767000198364258,225.5,193.95351719553074,-13.989571088456431
2019-01-02,30.99355125427246,30.500999450683594,219.5,189.06685795625964,-13.864757195325906
2019-01-03,29.160417556762695,30.759000778198242,215.5,179.3890612642099,-16.756816118696104
2019-01-04,29.678110122680664,30.863000869750977,208.0,183.1911077057717,-11.927352064532826
2019-01-07,29.89876365661621,30.783000946044922,213.0,184.07473398543806,-13.579937096038474
2019-01-08,29.652650833129883,30.80299949645996,211.0,182.67811773632056,-13.422693015961817
2019-01-09,30.22125816345215,30.81599998474121,215.5,186.25965822076031,-13.56860407389312
2019-01-10,30.908679962158203,30.711000442504883,216.0,189.84729679901648,-12.107732963418293
2019-01-11,31.069927215576172,30.77899932861328,220.5,191.2602537816565,-13.260655881334916
2019-01-14,30.348556518554688,30.785999298095703,218.5,186.86212793568848,-14.47957531547438
2019-01-15,30.586185455322266,30.833999633789062,221.0,188.61888622568222,-14.652087680686776
2019-01-16,30.246719360351562,30.827999114990234,217.5,186.4891675344552,-14.257854007147042
2019-01-17,30.798349380493164,30.764999389648438,220.5,189.5022399786103,-14.05794105278444
2019-01-18,31.26512336730957,30.82699966430664,218.5,192.76198950971155,-11.77940983537229
2019-01-22,30.866249084472656,30.875999450683594,223.0,190.60525795536813,-14.526790154543434
2019-01-23,30.968088150024414,30.87700080871582,220.5,191.24033657053732,-13.269688630141808
2019-01-24,31.944059371948242,30.857999801635742,222.5,197.14595555260385,-11.395076156133099
2019-01-25,32.368404388427734,30.874000549316406,226.0,199.8684269737627,-11.562642931963406
2019-01-28,31.77432632446289,30.70800018310547,229.0,195.14520371793188,-14.78375383496424
2019-01-29,30.832313537597656,30.788000106811523,222.5,189.8530544977606,-14.672784495388491
2019-01-30,31.72341537475586,30.7810001373291,221.0,195.29569060138164,-11.63090923014406
2019-02-11,32.49570083618164,30.81999969482422,228.0,200.30349797084347,-12.14758860927918
2019-02-12,32.7927360534668,30.87700080871582,230.0,202.50826752857975,-11.95292716148707
2019-02-13,32.35991668701172,30.79199981689453,229.0,199.28530974023744,-12.975847275005481
2019-02-14,32.300498962402344,30.851999282836914,227.0,199.3069941646623,-12.199562041998979
2019-02-15,32.32597351074219,30.820999145507812,227.0,199.26376039045863,-12.218607757507217
2019-02-19,32.63996887207031,30.81800079345703,229.0,201.17971731957513,-12.148595056954093
2019-02-20,33.09825897216797,30.77899932861328,234.5,203.74625813652528,-13.114602073976423
2019-02-21,33.08129119873047,30.79199981689453,236.5,203.72782250678864,-13.857157502414951
2019-02-22,33.42924499511719,30.798999786376953,236.5,205.9174618926714,-12.93130575362731
2019-02-25,33.590492248535156,30.746999740600586,238.0,206.5613712904713,-13.209507861146507
2019-02-26,33.607460021972656,30.735000610351562,239.5,206.58506085753908,-13.743189621069273
2019-02-27,33.48016357421875,30.753000259399414,239.0,205.9230958165368,-13.839708863373723
2019-03-04,33.22556686401367,30.836999893188477,235.5,204.91536036734323,-12.987108124270396
2019-03-05,33.11522674560547,30.83799934387207,233.0,204.24146813063126,-12.342717540501603
2019-03-06,32.92003631591797,30.829999923706055,234.0,202.9849434216303,-13.254297683063976
2019-03-07,32.78425598144531,30.82900047302246,234.0,202.1411686319334,-13.614885200028459
2019-03-08,32.41932678222656,30.906999588012695,230.0,200.39682390038507,-12.870946130267358
2019-03-11,32.7927360534668,30.891000747680664,230.5,202.6000867892275,-12.104083822460954
2019-03-12,33.01340103149414,30.91200065612793,235.5,204.10205486931227,-13.332460777362098
2019-03-13,33.27648162841797,30.886999130249023,237.0,205.56213182293868,-13.264923281460472
2019-03-14,32.94549560546875,30.895999908447266,234.5,203.57680584206247,-13.186863180357156
2019-03-15,33.649898529052734,30.913000106811523,239.0,208.04386336456082,-12.952358424869947
2019-03-18,33.81962966918945,30.888999938964844,241.0,208.93090775748132,-13.306677279053392
2019-03-19,33.74325180053711,30.764999389648438,240.5,207.62222420965554,-13.670592844218065
2019-03-20,33.81962966918945,30.790000915527344,242.0,208.2612856954278,-13.941617481228185
2019-03-21,34.829551696777344,30.7450008392334,245.5,214.1669192295085,-12.762965690627903
2019-03-22,34.31186294555664,30.792999267578125,248.5,211.31303411035333,-14.964573798650571
2019-03-25,33.879032135009766,30.868000030517578,241.5,209.1555929954775,-13.393129194419263
2019-03-26,34.28641128540039,30.81599998474121,244.0,211.31400992954588,-13.395897569858251
2019-03-27,34.11666488647461,30.839000701904297,241.5,210.42477047612482,-12.867589864958662
2019-03-28,34.23548889160156,30.881999969482422,242.0,211.45207338113104,-12.62311017308635
2019-03-29,34.761661529541016,30.85099983215332,245.5,214.4864028026481,-12.63282981562196
2019-04-01,35.10961151123047,30.839000701904297,245.5,216.5490668076847,-11.792640811533728
2019-04-02,35.02476119995117,30.816999435424805,246.0,215.87160922495679,-12.247313323188303
2019-04-03,35.4660530090332,30.82900047302246,246.5,218.67659299834486,-11.287386207568007
2019-04-08,35.97526550292969,30.788999557495117,253.0,221.5284867300943,-12.439333308263123
2019-04-09,35.82250213623047,30.808000564575195,254.0,220.72393320749688,-13.100813697835868
2019-04-10,35.958282470703125,30.816999435424805,254.0,221.62527411970078,-12.74595507098395
2019-04-11,35.72914505004883,30.83799934387207,252.0,220.36307032210317,-12.554337173768582
2019-04-12,36.13651657104492,30.851999282836914,252.0,222.97675666682045,-11.517160052849029
2019-04-15,36.1619758605957,30.829999923706055,255.5,222.97474260464514,-12.730042033406985
2019-04-16,36.501434326171875,30.854000091552734,257.0,225.24305160830264,-12.356789257469792
2019-04-17,37.67261505126953,30.863000869750977,261.5,232.53799021862505,-11.075338348518148
2019-04-18,38.5297737121582,30.761999130249023,264.5,237.05057308442048,-10.377855166570704
2019-04-22,38.31760787963867,30.80699920654297,266.0,236.09010310893063,-11.244322139499763
2019-04-23,38.54673767089844,30.84000015258789,268.0,237.75627913045463,-11.284970473710965
2019-04-24,38.538246154785156,30.854000091552734,269.0,237.8118100776046,-11.594122647730632
2019-04-25,37.748992919921875,30.923999786376953,267.5,233.46996979832184,-12.721506617449773
2019-04-26,37.290706634521484,30.92300033569336,260.0,230.6281067555101,-11.296882017111509
2019-04-29,37.19735336303711,30.902000427246094,259.5,229.89452590339934,-11.408660538189075
2019-04-30,37.188865661621094,30.892000198364258,259.0,229.7676890791481,-11.286606533147447
2019-05-02,37.68111038208008,30.906999588012695,259.0,232.92201261096199,-10.068720999628578
2019-05-03,37.944190979003906,30.889999389648438,265.0,234.41920723642687,-11.53992179757477
2019-05-06,37.137935638427734,30.895000457763672,259.0,229.47530770992452,-11.399495092693234
2019-05-07,37.137935638427734,30.90999984741211,262.5,229.5867169834004,-12.538393530133174
2019-05-08,37.08702850341797,30.937000274658203,260.0,229.47228219929966,-11.741429923346292
2019-05-09,36.70512008666992,30.94499969482422,256.5,227.1679859760974,-11.435483050254424
2019-05-10,36.34868621826172,31.00200080871582,256.0,225.37639990686148,-11.962343786382235
2019-05-13,34.7871208190918,30.937000274658203,250.5,215.2418332669622,-14.075116460294534
2019-05-14,35.61882781982422,31.104999542236328,248.5,221.58472460612538,-10.831096737977719
2019-05-15,35.61882781982422,31.138999938964844,249.0,221.82693546150114,-10.912877324698334
2019-05-16,35.245399475097656,31.077999114990234,247.0,219.07129873891245,-11.307166502464593
2019-05-17,34.15910339355469,31.18600082397461,241.5,213.05716531552608,-11.77757129791881
2019-05-20,32.809715270996094,31.365999221801758,238.0,205.82190073152015,-13.52020977667221
2019-05-21,33.35287094116211,31.3799991607666,234.0,209.32261242856475,-10.545892124544975
2019-05-23,32.30899429321289,31.452999114990234,230.0,203.24295378212992,-11.633498355595684
2019-05-24,32.41932678222656,31.513999938964844,233.0,204.33253244727385,-12.303634142800924
2019-05-28,31.952550888061523,31.452999114990234,230.5,201.0007109607759,-12.797956199229542
2019-05-29,31.986494064331055,31.547000885009766,229.5,201.81559131116228,-12.062923175964146
2019-05-30,32.283538818359375,31.615999221801758,231.0,204.13526763165137,-11.629754272012393
2019-05-31,32.54662322998047,31.57699966430664,235.5,205.5449421614816,-12.719769782810364
2019-06-03,32.94549560546875,31.52199935913086,238.0,207.7015782723669,-12.73042929732483
2019-06-04,33.14917755126953,31.375999450683594,233.0,208.01771532784915,-10.72201058890595
2019-06-05,32.44478225708008,31.326000213623047,235.0,203.27305118324875,-13.500829283723936
2019-06-06,32.62299728393555,31.298999786376953,232.0,204.21343700417492,-11.976966808545297
2019-06-10,33.624427795410156,31.354000091552734,240.0,210.85206243513966,-12.144973985358476
2019-06-11,33.91299057006836,31.38599967956543,244.5,212.8786222330542,-12.933078841286626
2019-06-12,33.488651275634766,31.363000869750977,246.0,210.06091981690406,-14.609382188250386
2019-06-13,33.48016357421875,31.427000045776367,240.0,210.43622043591458,-12.318241485035596
2019-06-14,32.11380386352539,31.468000411987305,236.0,202.1114386415793,-14.359559897635886
2019-06-17,31.96103858947754,31.493000030517578,233.0,201.30979785475793,-13.600945126713338
2019-06-18,33.27648162841797,31.47599983215332,235.5,209.4821060301474,-11.047937991444833
2019-06-19,33.43772506713867,31.264999389648438,244.0,209.08609076306456,-14.308979195465344
2019-06-20,34.3797492980957,31.110000610351562,245.0,213.9108043294982,-12.689467620612982
2019-06-21,34.38824462890625,30.875,248.5,212.3474105834961,-14.548325720927124
2019-06-24,35.033180236816406,30.94499969482422,241.0,216.8203503474011,-10.033049648381287
2019-06-25,34.10432815551758,30.836000442504883,238.5,210.32821561897435,-11.812068922861908
2019-06-26,34.244537353515625,30.969999313354492,234.5,212.11065966490423,-9.547693106650645
2019-06-27,34.69143295288086,30.924999237060547,240.5,214.56650752007553,-10.783156956309547
2019-06-28,34.32339859008789,30.888999938964844,239.0,212.04309139085817,-11.279041259055155
2019-07-01,36.259952545166016,30.878999710083008,248.5,223.934212825961,-9.885628641464383
2019-07-02,35.75171661376953,30.952999114990234,249.0,221.324570541078,-11.114630304787953
2019-07-03,35.33987045288086,30.968000411987305,242.5,218.8810245488785,-9.739783691184133
2019-07-05,34.98936462402344,31.01300048828125,243.0,217.02503643389792,-10.689285418148998
2019-07-08,34.454830169677734,31.16900062561035,242.5,214.78452462279674,-11.42906201121784
2019-07-09,34.76153564453125,31.15999984741211,242.0,216.63388907588086,-10.481864018231047
2019-07-10,35.6728515625,31.128999710083008,247.0,222.09203718937934,-10.084195469886904
2019-07-11,35.8393440246582,31.03499984741211,250.0,222.45480726732347,-11.01807709307061
2019-07-12,36.12850570678711,30.961000442504883,250.5,223.71493623497517,-10.692640225558813
2019-07-15,36.6455078125,31.052000045776367,254.5,227.58326205424964,-10.576321393222143
2019-07-16,36.60170364379883,30.98200035095215,256.0,226.79879902752435,-11.406719129873299
2019-07-17,36.47902297973633,31.003000259399414,252.0,226.1918317806805,-10.241336594968054
2019-07-18,37.84599304199219,31.000999450683594,254.0,234.65272190107498,-7.617038621624017
2019-07-19,38.40679931640625,30.899999618530273,259.0,237.3540168451844,-8.357522453596767
2019-07-22,39.0815315246582,31.031999588012695,264.0,242.5556140344197,-8.12287347181072
2019-07-23,38.92381286621094,31.04400062561035,264.0,241.67017419395853,-8.458267350773285
2019-07-24,39.02895736694336,31.010000228881836,265.0,242.0575953763866,-8.657511178722043
2019-07-25,38.22279357910156,31.091999053955078,265.0,237.6846123601892,-10.307693448985212
2019-07-26,38.08258056640625,31.011999130249023,261.0,236.2033910806058,-9.50061644421234
2019-07-29,38.503204345703125,31.082000732421875,261.0,239.35132513474673,-8.294511442625774
2019-07-30,37.775901794433594,31.027000427246094,260.0,234.41458422309952,-9.84054452957711
2019-07-31,37.35529327392578,31.023000717163086,259.5,231.77465800536737,-10.684139496968259
2019-08-01,36.6893196105957,31.14699935913086,256.5,228.55244287963433,-10.895733770123073
2019-08-02,36.49655532836914,31.30699920654297,251.5,228.51952574136084,-9.137365510393302
2019-08-05,34.93678665161133,31.450000762939453,246.5,219.75239336956582,-10.850956036687299
2019-08-06,36.15480041503906,31.694000244140625,248.5,229.17805063622072,-7.775432339549004
2019-08-07,36.15480041503906,31.427000045776367,248.0,227.2473828596936,-8.367990782381607
2019-08-08,36.71561050415039,31.42099952697754,253.5,230.7282360567202,-8.982944356323397
2019-08-12,35.89191436767578,31.365999221801758,251.0,225.15715162509878,-10.295955527849088
2019-08-13,36.66304016113281,31.42799949645996,246.5,230.44920154455468,-6.51148010362893
2019-08-14,35.42749786376953,31.0939998626709,249.5,220.31652274216466,-11.696784472078292
2019-08-15,35.804283142089844,31.357999801635742,248.0,224.55014073347266,-9.45558841392231
2019-08-16,36.40015411376953,31.22800064086914,250.0,227.34080719850607,-9.063677120597568
2019-08-19,36.61045455932617,31.301000595092773,252.0,229.1887719896171,-9.052074607294802
2019-08-20,36.750667572021484,31.350000381469727,254.5,230.42668848042814,-9.459061500814093
2019-08-21,37.31147384643555,31.312000274658203,254.5,233.65937586549845,-8.188850347544818
2019-08-22,36.917152404785156,31.281999588012695,254.0,230.96846926341823,-9.067531786055817
2019-08-23,35.88316345214844,31.302000045776367,254.0,224.64295680435026,-11.55789102190935
2019-08-26,36.22489547729492,31.41900062561035,248.5,227.63000273275975,-8.398389242350202
2019-08-27,36.233665466308594,31.374000549316406,250.0,227.35900804874254,-9.056396780502984
2019-08-28,36.49655532836914,31.327999114990234,252.0,228.6728106054681,-9.256821188306308
2019-08-29,37.04859161376953,31.40399932861328,254.0,232.6947892329772,-8.387878254733383
2019-08-30,37.35529327392578,31.270999908447266,259.0,233.62747450979077,-9.79634188811167
2019-09-03,36.557884216308594,31.361000061035156,254.0,229.298361827794,-9.725054398506305
2019-09-04,37.810951232910156,31.35099983215332,257.5,237.08222515130473,-7.929232950949617
2019-09-05,38.766082763671875,31.167999267578125,263.0,241.6522478369996,-8.117016031559087
2019-09-06,38.301658630371094,31.170000076293945,263.5,238.77254048617033,-9.384235109612781
2019-09-09,38.424339294433594,31.180999755859375,265.0,239.62186283175834,-9.57665553518553
2019-09-10,38.643394470214844,31.174999237060547,261.5,240.9415586252755,-7.861736663374574
2019-09-11,38.74855041503906,31.084999084472656,263.0,240.89973083522636,-8.40314416911545
2019-09-12,38.61711120605469,31.03499984741211,262.5,239.69640807748073,-8.687082637150201
2019-09-16,39.0815315246582,30.915000915527344,265.5,241.6411165730038,-8.986396770996684
2019-09-17,39.545955657958984,30.886999130249023,265.0,244.29117960244912,-7.8146492066229705
2019-09-18,39.46708679199219,30.849000930786133,267.0,243.50403943631682,-8.799985229843887
2019-09-19,39.627723693847656,30.961999893188477,265.0,245.39071535524272,-7.399730054625387
2019-09-20,38.718666076660156,30.864999771118164,264.0,239.01032391882327,-9.465786394385123
2019-09-23,38.895179748535156,30.98699951171875,264.0,241.04898317521437,-8.693566979085466
2019-09-24,38.93931198120117,30.940000534057617,265.0,240.95646669884007,-9.073031434399969
2019-09-25,39.724796295166016,30.924999237060547,266.0,245.69785902407892,-7.632383825534239
2019-09-26,41.004539489746094,30.94700050354004,268.0,253.79350084731996,-5.300932519656731
2019-09-27,40.16609191894531,30.93000030517578,272.0,248.4674470621394,-8.651673874213461
2019-10-01,41.64883041381836,31.034000396728516,280.0,258.5059639171435,-7.67644145816303
2019-10-02,40.978057861328125,31.02400016784668,279.5,254.26065479357493,-9.030177175822928
2019-10-03,41.59587478637695,31.05500030517578,276.5,258.351980836998,-6.563478901628217
2019-10-04,41.851810455322266,30.915000915527344,276.5,258.7697517085529,-6.412386362187005
2019-10-07,42.31958770751953,30.847999572753906,278.0,261.0949247041368,-6.080962336641438
2019-10-08,42.24015426635742,30.785999298095703,286.5,260.08107191910676,-9.221266345861512
2019-10-09,42.96385955810547,30.739999771118164,282.0,264.141806596503,-6.332692696275533
2019-10-14,44.0494270324707,30.625999450683594,290.0,269.81154561987495,-6.961535993146573
2019-10-15,44.473060607910156,30.5939998626709,293.5,272.12176202619156,-7.283897094994362
2019-10-16,44.24359893798828,30.481000900268555,296.5,269.7178358119883,-9.03277038381507
2019-10-17,43.90822219848633,30.510000228881836,293.5,267.92797386512245,-8.712785735903761
2019-10-18,43.493404388427734,30.60700035095215,293.0,266.2405286761423,-9.132925366504342
2019-10-21,44.128875732421875,30.53700065612793,290.0,269.51270143903093,-7.064585710678983
2019-10-22,44.69371032714844,30.518999099731445,294.0,272.80146104758023,-7.2103873987822364
2019-10-23,44.27889633178711,30.459999084472656,293.0,269.747028345539,-7.936167800157346
2019-10-24,44.967323303222656,30.573999404907227,293.0,274.96618318260005,-6.15488628580203
2019-10-25,45.126182556152344,30.493000030517578,293.5,275.20653721237903,-6.2328663671621705
2019-10-28,45.285037994384766,30.562000274658203,294.5,276.8002687244589,-6.010095509521607
2019-10-29,45.426265716552734,30.527000427246094,298.5,277.34552658748,-7.08692576633837
2019-10-30,45.81459426879883,30.39900016784668,299.5,278.54357177340864,-6.997137972150702
2019-10-31,45.56746292114258,30.21500015258789,298.5,275.3641798230732,-7.750693526608643
2019-11-01,45.98227310180664,30.483999252319336,299.0,280.34471577108343,-6.239225494620926
2019-11-04,47.20906448364258,30.434999465942383,307.0,287.3615704694603,-6.396882583237695
2019-11-05,47.26200866699219,30.32699966430664,310.5,286.6629841956659,-7.6769777147613905
2019-11-06,47.34145736694336,30.309999465942383,311.0,286.9839095017975,-7.722215594277337
2019-11-07,47.367923736572266,30.371000289916992,309.0,287.72224510724044,-6.886004819663283
2019-11-08,46.626564025878906,30.246999740600586,305.5,282.0627339991712,-7.67177283169519
2019-11-11,46.423561096191406,30.381000518798828,301.0,282.07884674957603,-6.286097425390025
2019-11-12,46.02641296386719,30.41200065612793,305.0,279.9510602512688,-8.212767130731535
2019-11-13,46.67068862915039,30.3799991607666,304.0,283.5710962771976,-6.720034119342888
2019-11-14,46.317657470703125,30.458999633789062,303.5,282.15790238762276,-7.031992623518035
2019-11-15,47.03254318237305,30.430999755859375,307.0,286.24946202004793,-6.759132892492536
2019-11-18,47.14727783203125,30.489999771118164,311.0,287.5040980614955,-7.554952391802095
2019-11-19,47.447349548339844,30.43899917602539,315.0,288.84996676130106,-8.30159785355522
2019-11-20,47.2178840637207,30.434999465942383,313.5,287.4152552524538,-8.32049274243898
2019-11-21,46.758949279785156,30.447999954223633,311.0,284.74329710608873,-8.442669740807485
2019-11-22,46.591251373291016,30.44700050354004,309.0,283.7127708046304,-8.183569318889838
2019-11-25,47.447349548339844,30.55900001525879,307.0,289.9887111143413,-5.541136444839967
2019-11-26,47.33262634277344,30.451000213623047,307.0,288.2651629750268,-6.102552776864245
2019-11-27,47.56208801269531,30.440000534057617,311.0,289.55799690146813,-6.894534758370375
2019-11-29,46.85602951049805,30.423999786376953,305.0,285.109566363573,-6.521453651287546
2019-12-02,46.758949279785156,30.52899932861328,307.5,285.5007862338447,-7.1542158589123055
2019-12-03,46.58243942260742,30.43400001525879,307.0,283.53799241968517,-7.642347746030886
2019-12-04,46.93545913696289,30.44499969482422,306.0,285.79000782025395,-6.604572607760151
2019-12-05,48.01219940185547,30.468000411987305,312.0,292.5671422312298,-6.22848005409301
2019-12-06,48.48879623413086,30.413999557495117,313.0,294.9476454416654,-5.7675254179982876
2019-12-09,48.06515884399414,30.422000885009766,316.0,292.44766097802494,-7.453271842397169
2019-12-10,48.11811065673828,30.39699935913086,313.5,292.5292357590923,-6.689238992315061
2019-12-11,49.33607864379883,30.45199966430664,319.0,300.4764500598336,-5.806755467136804
2019-12-12,51.72785568237305,30.344999313354492,331.5,313.9363490325821,-5.298235585948086
2019-12-13,51.41012954711914,30.187000274658203,339.0,310.38351895181984,-8.441439837221287
2019-12-16,51.66606903076172,30.219999313354492,336.0,312.269714126669,-7.062585081348516
2019-12-17,52.275054931640625,30.097000122070312,345.0,314.664466931764,-8.792908135720568
2019-12-18,52.16032028198242,30.01799964904785,344.5,313.1496951837544,-9.100233618648945
2019-12-19,51.51152801513672,30.03499984741211,335.0,309.4297472149192,-7.632911279128596
2019-12-20,51.484867095947266,30.14900016784668,329.0,310.44345334345564,-5.640287737551475
2019-12-23,51.74260711669922,30.125,334.0,311.74920787811277,-6.661913808948272
2019-12-24,51.33378219604492,30.138999938964844,332.0,309.4297716946865,-6.798261537745032
2019-12-26,51.769283294677734,29.899999618530273,333.0,309.58031015249,-7.032939894147161
2019-12-27,51.955902099609375,30.076000213623047,338.0,312.52514452936595,-7.536939488353267
2019-12-30,51.41376876831055,30.08300018310547,334.5,309.3360830542457,-7.522845125786038
2019-12-31,51.63595962524414,30.073999404907227,331.0,310.57996380828115,-6.169195224084245
2020-01-02,53.36012268066406,29.8439998626709,339.0,318.49589879076814,-6.048407436351577
2020-01-03,51.60041427612305,29.899999618530273,339.5,308.5704734344166,-9.11031710326462
2020-01-06,51.00495147705078,30.03499984741211,332.0,306.38674196609645,-7.714836757199861
2020-01-07,51.83148956298828,30.047000885009766,329.5,311.4761625540967,-5.4700568879828
2020-01-08,52.21364212036133,29.985000610351562,329.5,313.1252181695425,-4.969584774038694
2020-01-09,52.640235900878906,30.010000228881836,337.5,315.946698286754,-6.386163470591411
2020-01-10,52.311405181884766,29.94300079345703,339.5,313.2720893736056,-7.725452319998361
2020-01-13,53.377899169921875,29.961999893188477,341.5,319.8617218455649,-6.336245433216725
2020-01-14,53.60897445678711,29.874000549316406,346.0,320.30290647406946,-7.4269056433325265
2020-01-15,51.89369201660156,29.826000213623047,340.0,309.55625383456936,-8.954042989832544
2020-01-16,52.21364212036133,29.933000564575195,334.5,312.58219581346054,-6.5524078285618685
2020-01-17,52.06256103515625,29.89900016784668,333.0,311.32370422573297,-6.509398130410515
2020-01-30,49.59185028076172,30.090999603271484,316.5,298.45366942477995,-5.701842203860997
2020-01-31,47.938785552978516,30.204999923706055,320.0,289.5982027940554,-9.500561626857685
2020-02-03,48.67645263671875,30.34600067138672,315.0,295.4271328789182,-6.213608609867238
2020-02-04,51.1204948425293,30.239999771118164,325.0,309.1767504675066,-4.868692163844113
2020-02-05,51.47597885131836,30.027999877929688,327.5,309.1441373327398,-5.604843562522211
2020-02-06,51.56486511230469,29.951000213623047,332.5,308.88385719881626,-7.102599338701876
2020-02-07,49.94735336303711,30.030000686645508,328.0,299.98381115762606,-8.541520988528639
2020-02-10,50.67611312866211,30.177000045776367,327.5,305.850613640681,-6.610499651700463
2020-02-11,52.13365936279297,30.025999069213867,331.5,313.0730415003869,-5.558660180878761
2020-02-12,52.99573516845703,29.948999404907227,335.0,317.4338482045481,-5.243627401627437
2020-02-13,52.7291145324707,29.90999984741211,335.0,315.42556152407485,-5.843115962962731
2020-02-14,51.715946197509766,29.985000610351562,335.0,310.1405356594478,-7.420735624045438
2020-02-18,49.92958450317383,30.016000747680664,322.0,299.7372891557301,-6.913885355363325
2020-02-19,51.227134704589844,30.05500030517578,326.5,307.92630983594574,-5.6887259307976334
2020-02-20,50.19620132446289,30.17099952697754,325.5,302.8939132832878,-6.9450343215705646
2020-02-21,49.405216217041016,30.225000381469727,325.0,298.6545358013318,-8.106296676513292
2020-02-24,48.09876251220703,30.386999130249023,320.0,292.3154109248979,-8.651434085969411
2020-02-25,47.86769485473633,30.341999053955078,322.0,290.480310399484,-9.788723478421124
2020-02-26,48.90751266479492,30.413000106811523,318.5,297.4848375796588,-6.598167164942293
2020-02-27,47.36109924316406,30.20800018310547,316.0,286.1368189219153,-9.450373758887565
2020-03-02,49.75181579589844,30.124000549316406,311.0,299.74474527302664,-3.6190529668724603
2020-03-03,48.77421188354492,29.80500030517578,317.5,290.74308001475293,-8.427376373306162
2020-03-04,50.72944259643555,29.770000457763672,320.5,302.04310586359645,-5.75878132181078
2020-03-05,49.52964401245117,29.75,323.0,294.70138187408446,-8.76118208232679
2020-03-06,48.94306564331055,29.884000778198242,315.0,292.52292235442,-7.135580204946024
2020-03-09,46.06353759765625,29.900999069213867,305.5,275.4691589664435,-9.830062531442385
2020-03-10,48.44537353515625,29.985000610351562,307.0,290.5269110040739,-5.365827034503612
2020-03-11,46.42792892456055,29.739999771118164,302.0,276.1533191179842,-8.558503603316492
2020-03-12,43.272884368896484,30.069000244140625,294.0,260.2344741306035,-11.484872744692698
2020-03-13,46.419044494628906,29.947999954223633,290.0,278.03150848005026,-4.1270660413619815
2020-03-16,39.9045524597168,30.10700035095215,276.5,240.2812749818564,-13.098996389925354
2020-03-17,43.13957214355469,30.236000061035156,268.0,260.87362119311,-2.6590965697350755
2020-03-18,39.43352127075195,30.030000686645508,260.0,236.83773416750628,-8.90856378172835
2020-03-19,39.37698745727539,30.125,248.0,237.24634943008422,-4.336149423353131
2020-03-20,39.9511833190918,30.320999145507812,270.0,242.27195905604168,-10.26964479405864
2020-03-23,40.60612869262695,30.268999099731445,255.0,245.8213745681409,-3.5994609536702415
2020-03-24,43.84492874145508,30.215999603271484,267.5,264.96366989145463,-0.948160788241259
2020-03-25,43.9615592956543,30.145000457763672,277.0,265.0442450183007,-4.316157033104428
2020-03-26,44.742103576660156,30.253000259399414,280.0,270.71657422215503,-3.3155092063732017
2020-03-27,42.086463928222656,30.131000518798828,273.0,253.62145329113702,-7.098368757825268
2020-03-30,42.90290832519531,30.16699981689453,267.5,258.85040551808197,-3.2334932642684278
2020-03-31,42.87598419189453,30.030000686645508,274.0,257.51316694463895,-6.0170923559711875
2020-04-01,41.72758483886719,30.229999542236328,271.5,252.28497411551652,-7.077357600178081
2020-04-06,44.831817626953125,30.25,275.5,271.2324966430664,-1.5490030333697336
2020-04-07,44.60752868652344,30.079999923706055,283.0,268.35889189746814,-5.173536431990056
2020-04-08,45.10097885131836,30.097000122070312,285.0,271.4808331987239,-4.743567298693375
2020-04-09,43.36045455932617,30.066999435424805,283.0,260.7437525510046,-7.8643983918711635
2020-04-13,43.73726272583008,30.025999069213867,278.5,262.6510019791473,-5.690843095458787
2020-04-14,45.423946380615234,29.850000381469727,285.0,271.18096335784503,-4.848784786721039
2020-04-15,44.553707122802734,30.020999908447266,287.5,267.50936749092944,-6.95326348141585
2020-04-16,47.01194381713867,29.905000686645508,286.5,281.1784424264144,-1.8574371984591997
2020-04-17,48.1693115234375,29.937000274658203,306.5,288.408938461449,-5.9024670598861295
2020-04-20,47.18241500854492,30.03499984741211,304.0,283.4247655164363,-6.7681692380143765
2020-04-21,46.087860107421875,30.030000686645508,295.0,276.8036941343802,-6.168239276481291
2020-04-22,47.50540542602539,30.09600067138672,294.0,285.94454271923166,-2.7399514560436544
2020-04-23,47.227272033691406,30.054000854492188,295.5,283.8736948111793,-3.9344518405484585
2020-04-24,47.30801773071289,29.854999542236328,294.0,282.47616953890827,-3.919670224861138
2020-04-27,48.0078239440918,30.07900047302246,298.0,288.8054718246232,-3.0854121393881773
2020-04-28,47.33493423461914,29.913000106811523,296.5,283.18597856321577,-4.490395088291477
2020-04-29,48.87808609008789,29.80500030517578,299.0,291.36227416629555,-2.5544233557539986
2020-04-30,47.666893005371094,29.6299991607666,304.5,282.4739999490994,-7.23349755366195
2020-05-04,46.787662506103516,29.89299964904785,295.0,279.72471577494434,-5.178062449171406
2020-05-05,46.392906188964844,29.610000610351562,295.5,274.7387961142464,-7.025788117006304
2020-05-06,46.76971435546875,29.625,296.0,277.11055755615234,-6.381568393191772
2020-05-07,46.94915771484375,29.996999740600586,297.5,281.6667743587168,-5.322092652532174
2020-05-08,47.469520568847656,29.780000686645508,297.5,282.72847102700325,-4.9652198228560485
2020-05-11,47.01194381713867,29.84000015258789,301.0,280.5672821353743,-6.7882783603407715
2020-05-12,45.84562683105469,29.892000198364258,295.0,274.0834972656041,-7.090339909964715
2020-05-13,45.68413162231445,29.788000106811523,297.0,272.16778352901895,-8.361015646794968
2020-05-14,46.7427978515625,29.892000198364258,293.0,279.44714453020134,-4.625547941910801
2020-05-15,44.679298400878906,29.875999450683594,298.0,266.9677388963173,-10.413510437477413
2020-05-18,46.53645706176758,29.95400047302246,290.0,278.7906113681951,-3.8653064247603175
2020-05-19,45.585445404052734,29.940000534057617,291.5,272.96565194851865,-6.35826691302962
2020-05-20,46.50954055786133,29.844999313354492,294.0,277.61544120276085,-5.5729791827344055
2020-05-21,45.53160858154297,29.8799991607666,297.5,272.09688524097146,-8.538862103875145
2020-05-22,44.679298400878906,29.875999450683594,292.0,266.9677388963173,-8.572692158795437
2020-05-26,45.594417572021484,30.038000106811523,295.5,273.9130239796781,-7.305237231919426
2020-05-27,46.41981887817383,29.975000381469727,296.5,278.28681771620325,-6.142725896727407
2020-05-28,45.10993576049805,30.024999618530273,294.0,270.8851608001758,-7.862190204021835
2020-05-29,45.15479278564453,29.90999984741211,292.0,270.11596906571066,-7.4945311418799125
2020-06-01,45.78282165527344,29.944000244140625,295.5,274.1841645645909,-7.213480688801721
2020-06-02,46.66205978393555,29.83300018310547,296.5,278.4138476156455,-6.0998827603219175
2020-06-03,47.604087829589844,29.8710994720459,301.0,284.39728856673753,-5.51585097450581
2020-06-04,48.698646545410156,29.857999801635742,306.0,290.8088357785571,-4.964432752105519
2020-06-05,49.524044036865234,29.845199584960938,311.5,295.6109957069275,-5.100803946411714
2020-06-08,49.85600280761719,29.71299934387207,318.0,296.27427574216273,-6.83198876032619
2020-06-09,50.78907012939453,29.649999618530273,319.0,301.17918199241103,-5.5864633252630025
2020-06-10,51.63240432739258,29.594999313354492,322.5,305.612194123205,-5.236528954044973
2020-06-11,49.380489349365234,29.55299949645996,320.5,291.86831537534744,-8.933442940609226
2020-06-12,50.24178695678711,29.524999618530273,316.0,296.6777481466837,-6.114636662441864
2020-06-15,50.25972366333008,29.62809944152832,309.5,297.8200181201755,-3.77382290139725
2020-06-16,50.062347412109375,29.479999542236328,315.0,295.1675957584521,-6.29600134652315
2020-06-17,50.78009033203125,29.485000610351562,315.0,299.45019888672977,-4.936444797863571
2020-06-18,50.75298309326172,29.489999771118164,314.5,299.3410919607704,-4.820002556193826
2020-06-19,49.99371337890625,29.5939998626709,314.5,295.902789373952,-5.913262520206053
2020-06-22,50.61738967895508,29.583999633789062,312.0,299.49296754511306,-4.008664248361193
2020-06-23,51.30432891845703,29.434999465942383,315.0,302.028578863063,-4.117911472043501
2020-06-24,51.14164352416992,29.54800033569336,317.5,302.2266600040166,-4.810500786136506
2020-06-29,50.96990203857422,29.52199935913086,312.0,300.94668306355015,-3.542729787323673
2020-06-30,51.31337356567383,29.411500930786133,313.0,301.8406668777185,-3.5652821476937713
2020-07-01,51.35857009887695,29.395999908447266,317.5,301.9473043849139,-4.898486807901136
2020-07-02,52.98555374145508,29.42770004272461,322.0,311.84859642024094,-3.1526098073785924
2020-07-06,55.93221664428711,29.451000213623047,338.0,329.45194486786204,-2.529010394123654
2020-07-07,54.87467575073242,29.40410041809082,338.5,322.70809523694186,-4.665259900460306
2020-07-08,56.573970794677734,29.479000091552734,341.0,333.5488180471613,-2.18509734687351
2020-07-09,58.553462982177734,29.340200424194336,345.0,343.5940678855477,-0.40751655491371164
2020-07-10,57.71285629272461,29.329999923706055,348.5,338.54361413249427,-2.8569256434736623
2020-07-13,58.81560516357422,29.46299934387207,354.5,346.5768272687652,-2.235027568754522
2020-07-14,60.52392578125,29.45599937438965,363.5,356.5585439896211,-1.9096165090450867
2020-07-15,59.7104377746582,29.387699127197266,363.0,350.9504760149779,-3.3194280950474164
2020-07-16,60.18949508666992,29.476999282836914,357.5,354.84114070081705,-0.743736866904321
2020-07-17,60.01776123046875,29.36389923095703,367.0,352.4710985678248,-3.9588287281131285
2020-07-20,60.460655212402344,29.45400047302246,366.0,356.1616334450693,-2.688078293696916
2020-07-21,61.292240142822266,29.44700050354004,383.0,360.97452526975684,-5.750776691969495
2020-07-22,61.94300842285156,29.402000427246094,384.0,364.249672022718,-5.143314577417179
2020-07-23,60.8945426940918,29.431699752807617,381.5,358.4459794314069,-6.042993595961499
2020-07-24,66.79686737060547,29.426700592041016,386.0,393.12228332021624,1.8451511192270065
2020-07-27,75.24818420410156,29.451000213623047,424.5,443.2268578139483,4.41150949680762
2020-07-28,69.5265884399414,29.18000030517578,435.0,405.7571743790642,-6.722488648490987
2020-07-29,74.72390747070312,29.312000274658203,422.0,438.06143926095683,3.8060282608902485
2020-07-30,72.24728393554688,29.259000778198242,434.0,422.7766673785751,-2.5860213413421484
2020-07-31,71.3072280883789,29.15999984741211,425.5,415.8637520353019,-2.2646881233132965
2020-08-03,71.36148071289062,29.309999465942383,416.0,418.32099231673635,0.5579308453693255
2020-08-04,72.4822998046875,29.24799919128418,425.5,423.9924492139835,-0.35430100728942593
2020-08-05,73.78387451171875,29.264999389648438,429.0,431.8570085102692,0.6659693497131025
2020-08-06,72.78056335449219,29.33810043334961,435.0,427.0486954579712,-1.8278861016158165
2020-08-07,72.33767700195312,29.36910057067871,433.0,424.8985021839268,-1.8710156619106688
2020-08-10,72.19303894042969,29.42099952697754,435.5,424.79827290349056,-2.457342616879321
2020-08-11,70.44856262207031,29.312999725341797,429.0,413.0117393582943,-3.726867282448887
2020-08-12,71.7591781616211,29.31800079345703,419.0,420.76712845604635,0.42174903485592274
2020-08-13,70.77397155761719,29.296199798583984,429.0,414.68168225825065,-3.337603203204975
2020-08-14,70.87336730957031,29.338899612426758,427.0,415.8693217380263,-2.606716220602734
2020-08-17,72.4822998046875,29.381999969482422,435.0,425.9349861298688,-2.083911234512925
2020-08-18,71.77726745605469,29.3356990814209,433.0,421.12726379549713,-2.741971409815902
2020-08-19,70.99089813232422,29.354700088500977,427.5,416.78330473754033,-2.5068293011601517
2020-08-20,69.42719268798828,29.416000366210938,415.0,408.4540651069721,-1.5773337091633421
2020-08-21,70.81010437011719,29.320999145507812,424.5,415.244601945905,-2.1803057842391005
2020-08-24,71.31629180908203,29.392000198364258,428.0,419.22569259982845,-2.05007182246999
2020-08-25,72.3467025756836,29.290000915527344,434.5,423.80699693543136,-2.460990348577363
2020-08-26,73.89234924316406,29.290000915527344,442.0,432.86139539654835,-2.067557602590875
2020-08-27,72.85287475585938,29.281700134277344,444.0,426.6512065042276,-3.9073859224712626
2020-08-28,72.70825958251953,29.323200225830078,435.0,426.40777076196974,-1.9752251121908593
2020-08-31,71.63264465332031,29.331499099731445,426.5,420.21857043204943,-1.4727853617703568
2020-09-01,73.7115707397461,29.308000564575195,435.0,432.0677513712406,-0.6740801445423883
2020-09-02,74.27198028564453,29.303499221801758,433.0,435.285783300412,0.5278945266540491
2020-09-03,73.37713623046875,29.29290008544922,436.0,429.8858240311034,-1.4023339378203104
2020-09-04,71.3253402709961,29.27899932861328,429.0,417.6669179815217,-2.64174406025135
2020-09-08,69.8881607055664,29.305200576782227,431.0,409.6173134838027,-4.961180166171064
2020-09-09,71.76823425292969,29.246999740600586,427.0,419.8011057157593,-1.6859237199626897
2020-09-10,71.31629180908203,29.2810001373291,435.0,417.64247005110667,-3.9902367698605334
2020-09-11,71.24397277832031,29.268600463867188,436.5,417.04227494145744,-4.457668971029227
2020-09-14,72.76248168945312,29.281999588012695,441.0,426.12619177066955,-3.3727456302336645
2020-09-15,77.59825134277344,29.12299919128418,445.0,451.97876222013144,1.5682611730632567
2020-09-16,75.13969421386719,29.19499969482422,458.0,438.74066992860753,-4.205093902050761
2020-09-17,74.41923522949219,29.18000030517578,448.5,434.31066134150603,-3.1637321423620857
2020-09-18,72.89287567138672,29.122100830078125,444.0,424.55873501929455,-4.378663283942674
2020-09-21,73.2199478149414,29.0049991607666,440.0,424.74890498474997,-3.4661579580113733
2020-09-22,73.1199951171875,28.968700408935547,437.0,423.63824649052697,-3.0576094987352476
2020-09-23,70.79412078857422,29.033000946044922,433.5,411.0731551658188,-5.173435947908011
2020-09-24,71.21205139160156,29.19230079650879,423.0,415.76872491201505,-1.7095212973959661
2020-09-25,71.66630554199219,29.26409912109375,424.0,419.44997380468993,-1.0731193856863386
2020-09-28,72.47492218017578,29.251800537109375,431.5,424.0043935114052,-1.7371046323510497
2020-09-29,73.14727020263672,29.100000381469727,431.0,425.71711816003955,-1.225726645002423
2020-09-30,73.65604400634766,28.889999389648438,433.0,425.58461327746045,-1.7125604440045183
2020-10-05,76.80870819091797,28.920000076293945,432.5,444.2615693482774,2.719437999601726
2020-10-06,75.5185775756836,28.7052001953125,439.5,433.55517755504695,-1.3526330932771446
2020-10-07,78.97106170654297,28.80699920654297,443.0,454.9838623840478,2.7051608090401302
2020-10-08,79.77059936523438,28.613000869750977,453.0,456.49524580360156,0.7715774400886444
2020-10-12,82.59619140625,28.60099983215332,460.0,472.466731309332,2.7101589802895676
2020-10-13,81.44230651855469,28.610000610351562,462.0,466.01288784085773,0.8685904417440993
2020-10-14,80.49742126464844,28.835599899291992,459.0,464.2382865024323,1.1412388894187941
2020-10-15,80.08856201171875,28.718000411987305,453.0,459.996671369602,1.5445190661373065
2020-10-16,78.77116394042969,28.732999801635742,449.0,452.66636757499657,0.8165629342976821
2020-10-19,79.55252838134766,28.77199935913086,457.5,457.77705912107484,0.060559370726731565
2020-10-20,80.18849182128906,28.713300704956055,451.0,460.4952557483164,2.105378214704312
2020-10-21,79.6252212524414,28.523000717163086,453.0,454.23004857753114,0.27153390232474983
2020-10-22,80.14308166503906,28.676000595092773,455.0,459.63661150384576,1.0190354953507175
2020-10-23,80.23392486572266,28.680999755859375,452.0,460.2378358970862,1.822530065727035
2020-10-26,78.79843139648438,28.58300018310547,450.0,450.4591158068273,0.10202573485051936
2020-10-27,78.78023529052734,28.596799850463867,447.0,450.5725241551321,0.7992224060698216
2020-10-28,76.18179321289062,28.573999404907227,444.0,435.3637027859804,-1.945111985139547
2020-10-29,77.12672424316406,28.58300018310547,437.0,440.90263463293667,0.8930514034179993
2020-10-30,76.20001220703125,28.3656005859375,432.0,432.29182218164203,0.06755143093566396
2020-11-02,77.87171936035156,28.583599090576172,435.5,445.17080133802955,2.220620284277741
2020-11-03,79.67064666748047,28.558300018310547,441.0,455.0516460365441,3.186314294000936
2020-11-04,81.2696762084961,28.594600677490234,450.0,464.7747876741749,3.2832861498166332
2020-11-05,82.16004943847656,28.551700592041016,451.0,469.1618264389341,4.027012514176076
2020-11-06,83.05044555664062,28.531299591064453,452.5,473.90742866958027,4.730923462890657
2020-11-09,80.88810729980469,28.575000762939453,458.5,462.27554556092946,0.8234559565822197
2020-11-10,79.64338684082031,28.62540054321289,451.0,455.9647697873064,1.1008358730169476
2020-11-11,82.56890869140625,28.587099075317383,457.0,472.081114660413,3.3000250898059136
2020-11-12,81.60582733154297,28.508699417114258,458.0,465.29520041597715,1.5928385187722993
2020-11-13,84.69490814208984,28.43199920654297,462.0,481.6091122188256,4.244396584161381
2020-11-16,90.19164276123047,28.479999542236328,484.0,513.7315889106773,6.142890270801082
2020-11-17,86.95720672607422,28.515100479125977,485.5,495.9186974356271,2.1459726952888003
2020-11-18,88.06562805175781,28.500999450683594,497.0,501.991683345451,1.004362846167206
2020-11-19,87.77488708496094,28.530000686645508,490.0,500.8435177608335,2.212962808333363
2020-11-20,86.61194610595703,28.48699951171875,488.0,493.4628932858817,1.1194453454675735
2020-11-23,89.15589141845703,28.52630043029785,496.5,508.65754874678385,2.448650301467037
2020-11-24,87.80216217041016,28.517900466918945,492.0,500.78666431120655,1.7859073803265346
2020-11-25,88.57441711425781,28.46739959716797,487.0,504.2966652155621,3.551676635639023
2020-11-27,89.71011352539062,28.509700775146484,489.0,511.52169862266163,4.605664340012594
2020-11-30,88.14737701416016,28.51799964904785,480.5,502.7573733508616,4.6321276484623475
2020-12-01,91.63619995117188,28.516700744628906,490.0,522.6324182765093,6.659677199287617
2020-12-02,90.43692779541016,28.472999572753906,499.0,515.0021212959779,3.2068379350657095
2020-12-03,90.40058898925781,28.44099998474121,497.0,514.2166300128156,3.464110666562492
2020-12-04,94.24376678466797,28.3882999420166,503.0,535.0840638297232,6.378541516843561
2020-12-07,96.6604995727539,28.215999603271484,514.0,545.4745235193695,6.123448155519373
2020-12-08,95.97908020019531,28.0,524.0,537.4828491210938,2.573062809369042
2020-12-09,94.87065124511719,28.22570037841797,520.0,535.5581153500127,2.991945259617834
2020-12-10,94.69802856445312,28.243000030517578,512.0,534.9112847271608,4.474860298273597
2020-12-11,94.51632690429688,28.18670082092285,516.0,532.8206858287915,3.2598228350371183
2020-12-14,94.08927917480469,28.18199920654297,508.0,530.3247982097091,4.394645316871881
2020-12-15,95.4793701171875,28.11199951171875,504.0,536.8232012227178,6.512539925142424
2020-12-16,95.57933807373047,28.097999572753906,512.0,537.117640071956,4.905789076553901
2020-12-17,94.7965087890625,28.115299224853516,508.0,533.0464420151897,4.930401971494036
2020-12-18,95.14319610595703,28.128000259399414,510.0,535.2375689496897,4.948542931311706
2020-12-21,95.64502716064453,28.16900062561035,516.0,538.844965984943,4.427318989330042
2020-12-22,94.83300018310547,28.139999389648438,509.0,533.7201134542236,4.856603822047845
2020-12-23,94.66877746582031,28.130800247192383,509.0,532.6216937073798,4.6408042647111625
2020-12-24,96.68513488769531,28.135000228881836,510.0,544.0472584389557,6.675933027246228
2020-12-28,96.84937286376953,27.93899917602539,515.0,541.1749097278865,5.082506743278947
2020-12-29,96.31105041503906,28.10700035095215,515.0,541.4029455632146,5.126785546255275
2020-12-30,99.35841369628906,28.12459945678711,525.0,558.883117573976,6.453927156947814
2020-12-31,99.48615264892578,28.06999969482422,530.0,558.5152548989165,5.380236773380465
2021-01-04,101.9130859375,28.054000854492188,536.0,571.8139599949121,6.6817089542746455
2021-01-05,102.88935089111328,28.10099983215332,542.0,578.2587264243077,6.689801923304017
2021-01-06,105.48049926757812,27.954999923706055,549.0,589.7414697955246,7.421032749640188
2021-01-07,110.79057312011719,27.829999923706055,565.0,616.6603282960423,9.143420937352609
2021-01-08,108.29063415527344,27.926799774169922,580.0,604.8421714944416,4.283133016283025
2021-01-11,111.85804748535156,28.017000198364258,584.0,626.7853877171467,7.326265020059375
2021-01-12,112.22300720214844,28.020700454711914,591.0,628.9134537876758,6.4151360046828865
2021-01-13,108.7833251953125,27.97800064086914,605.0,608.7079884060659,0.6128906456307259
2021-01-14,115.37071990966797,28.01799964904785,592.0,646.4913579878951,9.204621281739023
2021-01-15,114.25759887695312,27.986900329589844,601.0,639.5432063335087,6.413179090434062
2021-01-19,119.79576873779297,27.982200622558594,627.0,670.4298469109111,6.926610352617413
2021-01-20,119.19358825683594,27.915000915527344,647.0,665.4578250629129,2.852832312660425
2021-01-21,122.40518951416016,27.889999389648438,673.0,682.7761321679457,1.4526199358017244
2021-01-22,117.82502746582031,27.958799362182617,649.0,658.8492605521053,1.517605632065533
2021-01-25,119.08415222167969,27.95159912109375,633.0,665.7184969151392,5.168798880748682
2021-01-26,115.5531997680664,27.920000076293945,617.0,645.2490692680847,4.578455310872709
2021-01-27,111.07340240478516,27.917999267578125,615.0,620.1894333968405,0.8438103084293491
2021-01-28,114.80503845214844,27.933000564575195,601.0,641.3698407799878,6.7171116106468975
2021-01-29,110.8726806640625,27.932600021362305,591.0,619.3924484570977,4.8041367947711855
2021-02-01,115.56231689453125,28.000999450683594,611.0,647.1720743766986,5.920143105842635
2021-02-02,117.18634796142578,27.950300216674805,632.0,655.0787213635136,3.6516964182774725
2021-02-03,116.32872009277344,27.857999801635742,630.0,648.1370922538044,2.878903532349919
2021-02-04,116.9217758178711,27.86400032043457,627.0,651.5816797709879,3.92052308947175
2021-02-05,116.58419036865234,27.90290069580078,632.0,650.6074173113681,2.944211599900015
2021-02-17,124.330322265625,28.040000915527344,663.0,697.2444700311869,5.1650784360764534
2021-02-18,122.83402252197266,27.918699264526367,660.0,685.8732268486026,3.9201858861519057
2021-02-19,124.6861801147461,27.86079978942871,652.0,694.7713401371177,6.560021493422963
2021-02-22,121.86688995361328,27.907800674438477,650.0,680.2073747278337,4.647288419666729
2021-02-23,117.78854370117188,27.80940055847168,641.0,655.125758596987,2.2037064893895453
2021-02-24,120.70816040039062,27.850200653076172,625.0,672.3492975229165,7.575887603666631
2021-02-25,114.96014404296875,27.649999618530273,635.0,635.7295877868543,0.11489571446523517
2021-02-26,114.90540313720703,27.764999389648438,606.0,638.0696895943722,5.292027985870007
2021-03-02,114.96014404296875,27.819000244140625,609.0,639.6152550395578,5.027135474475841
2021-03-03,112.12261962890625,27.739999771118164,622.0,622.0562885686056,0.009049609100575395
2021-03-04,105.46224975585938,27.719999313354492,601.0,584.6826981634483,-2.7150252639853045
2021-03-05,110.21576690673828,27.812999725341797,601.0,613.0862189410894,2.0110181266371763
2021-03-08,103.94770050048828,27.927499771118164,598.0,580.5998763871291,-2.909719667704158
2021-03-09,106.18302154541016,28.283000946044922,595.0,600.6348997645488,0.9470419772350969
2021-03-10,103.8564453125,28.25200080871582,597.0,586.8304753918201,-1.7034379578190872
2021-03-11,110.01505279541016,28.20199966430664,609.0,620.5288964009669,1.8930864369403722
2021-03-12,107.93480682373047,28.000999450683594,614.0,604.4564933161834,-1.554317049481535
2021-03-15,108.6464614868164,28.145700454711914,611.0,611.5861520944658,0.09593323968344336
2021-03-16,108.89280700683594,28.176700592041016,613.0,613.6480039317045,0.10571026618344526
2021-03-17,108.76277160644531,28.236499786376953,604.0,614.2159954462317,1.6913899745416572
2021-03-18,104.86138153076172,28.217599868774414,602.0,591.7873011443851,-1.6964616039227387
2021-03-19,104.0645980834961,28.404699325561523,591.0,591.1847237994225,0.03125614203427496
2021-03-22,107.31575775146484,28.38610076904297,593.0,609.255182727857,2.7411775257768944
2021-03-23,105.2185287475586,28.3085994720459,594.0,595.7178374705167,0.28919822735971046
2021-03-24,99.78773498535156,28.402999877929688,576.0,566.8542049215641,-1.5878116455617874
2021-03-25,101.15230560302734,28.48069953918457,575.0,576.1776847151195,0.20481473306426246
2021-03-26,106.74796295166016,28.503299713134766,590.0,608.5338363555551,3.1413281958567962
2021-03-29,104.76061248779297,28.585500717163086,599.0,598.92691268005,-0.012201555918200935
2021-03-30,105.38339233398438,28.52750015258789,597.0,601.2649481775937,0.7143966796639534
2021-03-31,108.32315826416016,28.441099166870117,587.0,616.1659372519091,4.968643484141233
2021-04-01,114.29432678222656,28.374399185180664,602.0,648.6065705440764,7.741955239879794
2021-04-06,112.13298034667969,28.387100219726562,610.0,636.626030207565,4.36492298484672
2021-04-07,109.79764556884766,28.431800842285156,610.0,624.3489583530579,2.352288254599655
2021-04-08,113.0396499633789,28.350400924682617,613.0,640.9438793695153,4.558544758485383
2021-04-09,112.46266174316406,28.37070083618164,610.0,638.1289063111996,4.611296116590102
2021-04-12,110.72261047363281,28.5,605.0,631.118879699707,4.31717019829867
2021-04-13,111.06147003173828,28.393600463867188,605.0,630.6870014021872,4.2457853557334335
2021-04-14,110.66764068603516,28.413700103759766,612.0,628.8954307287291,2.760691295543971
2021-04-15,108.38726806640625,28.33370018005371,619.0,614.2024713457329,-0.7750450168444445
2021-04-16,108.83601379394531,28.24530029296875,610.0,614.8211784599349,0.7903571245794883
2021-04-19,105.68562316894531,28.2549991607666,603.0,597.229438788729,-0.9569753252522406
2021-04-20,105.27348327636719,28.12700080871582,602.0,592.2054698501422,-1.6269983637637542
2021-04-21,107.51725006103516,28.025999069213867,592.0,602.6556700270012,1.7999442613177763
2021-04-22,105.61235046386719,27.979999542236328,591.0,591.0067035267014,0.0011342684773874012
2021-04-23,108.6528549194336,28.086299896240234,602.0,610.3313335699786,1.38394245348481
2021-04-26,111.29042053222656,28.031999588012695,610.0,623.938604501827,2.2850171314470424
2021-04-27,111.06147003173828,27.808000564575195,610.0,617.6794842690258,1.2589318473812838
2021-04-28,109.58700561523438,27.897199630737305,602.0,611.4341145165847,1.56712865723998
2021-04-29,109.07413482666016,27.783000946044922,600.0,606.0813582156261,1.0135597026043497
2021-05-03,106.18016052246094,27.846500396728516,588.0,591.3491764226812,0.569587826986595
2021-05-04,105.64896392822266,27.923999786376953,591.0,590.0283292325272,-0.16441129737272409
2021-05-05,105.66728210449219,27.893199920654297,585.0,589.4797249625553,0.7657649508641562
2021-05-06,107.15089416503906,27.885000228881836,587.0,597.5805416634015,1.80247728507692
2021-05-07,106.99523162841797,27.947999954223633,599.0,598.0605457306344,-0.15683710673882745
2021-05-10,102.85572052001953,27.75279998779297,589.0,570.906847838487,-3.0718424722432913
2021-05-11,103.35025787353516,27.731300354003906,571.0,573.2074085509521,0.3865864362438076
2021-05-12,99.10087585449219,27.91699981689453,560.0,553.3198266167892,-1.1928881041447847
2021-05-13,99.59539031982422,28.02400016784668,547.0,558.2122470079019,2.049770933802897
2021-05-14,102.99311065673828,27.937000274658203,557.0,575.46371214104,3.3148495764883323
2021-05-17,100.55701446533203,27.95989990234375,549.0,562.3128117858432,2.424920179570722
2021-05-18,101.50946807861328,28.05419921875,572.0,569.5533680133522,-0.427732864798569
2021-05-19,102.93815612792969,27.965499877929688,567.0,575.743398525985,1.5420455954118006
2021-05-20,103.74407196044922,27.890899658203125,567.0,578.7031002364587,2.064038842408933
2021-05-21,102.43444061279297,27.95050048828125,573.0,572.6187764729373,-0.06653115655544939
2021-05-24,104.0645980834961,27.948999404907227,568.0,581.7002779815084,2.4120207713923314
2021-05-25,104.65987396240234,28.012399673461914,583.0,586.3548438417929,0.5754449128289707
2021-05-26,106.23509979248047,27.820499420166016,585.0,591.1027064355964,1.0431976812985244
2021-05-27,106.02445220947266,27.667999267578125,582.0,586.6968932154123,0.8070263256722221
2021-05-28,107.48060607910156,27.78700065612793,590.0,597.3127343282046,1.2394464963058516
2021-06-01,108.53380584716797,27.516700744628906,598.0,597.2984512344352,-0.11731584708440934
2021-06-02,108.93675994873047,27.58180046081543,595.0,600.9343951507268,0.9973773362565996
2021-06-03,106.9860610961914,27.54400062561035,596.0,589.3648267530167,-1.1132841018428374
2021-06-04,109.44961547851562,27.62380027770996,595.0,604.6828636901337,1.6273720487619547
2021-06-07,108.26820373535156,27.535999298095703,592.0,596.2546364125446,0.7186885832001
2021-06-08,106.16182708740234,27.622800827026367,589.0,586.4974010137055,-0.4248894713573037
2021-06-09,107.26996612548828,27.58690071105957,586.0,591.8491809565137,0.9981537468453316
2021-06-10,108.28654479980469,27.779499053955078,599.0,601.6291937644477,0.4389305115939379
2021-06-11,108.29570007324219,27.5575008392334,602.0,596.871769130748,-0.8518655928990038
2021-06-15,109.3946762084961,27.63680076599121,609.0,604.663774246865,-0.7120239331912859
2021-06-16,108.0850601196289,27.561199188232422,605.0,595.7907742458337,-1.5221860750687988
2021-06-17,109.51093292236328,27.67799949645996,606.0,606.2087092564063,0.03444047135419126
2021-06-18,106.44956970214844,27.684999465942383,603.0,589.4112560707551,-2.2535230396757644
2021-06-21,104.93265533447266,27.7810001373291,583.0,583.0268224514584,0.004600763543471942
2021-06-22,105.1073226928711,27.947500228881836,578.0,587.4973850032344,1.6431461943312131
2021-06-23,106.68858337402344,27.950300216674805,595.0,596.395586999139,0.2345524368300822
2021-06-24,107.7825927734375,28.034700393676758,590.0,604.330539211398,2.4289049510844096
2021-06-25,107.12989044189453,27.906099319458008,591.0,597.9154725508328,1.1701307192610422
2021-06-28,109.96141052246094,27.865800857543945,590.0,612.8325535267068,3.869924326560459
2021-06-29,110.53140258789062,27.81599998474121,595.0,614.908298539638,3.345932527670259
2021-06-30,110.46703338623047,27.875900268554688,595.0,615.8736011275323,3.508168256728128
2021-07-01,108.8674087524414,27.81800079345703,593.0,605.6947326114052,2.1407643526821563
2021-07-02,109.31788635253906,27.878999710083008,588.0,609.5346643858647,3.66235788875251
2021-07-06,110.36592864990234,27.968799591064453,592.0,617.3605080181675,4.283869597663426
2021-07-07,108.71112060546875,27.896900177001953,594.0,606.5406559321564,2.1112215374000654
2021-07-08,108.36177825927734,27.88159942626953,588.0,604.2599389086827,2.7652957327691574
2021-07-09,110.83477020263672,27.959999084472656,584.0,619.788014678692,6.1280847052554765
2021-07-12,112.73778533935547,27.951000213623047,593.0,630.2267724207428,6.277701925926271
2021-07-13,113.90534210205078,27.959199905395508,607.0,636.9404460247403,4.932528175410256
2021-07-14,114.35584259033203,28.01919937133789,613.0,640.8318305631692,4.540265997254367
2021-07-15,108.04920959472656,27.96660041809082,614.0,604.3538140452525,-1.5710400577764627
2021-07-16,106.4035873413086,27.87969970703125,589.0,593.300012565311,0.7300530671156213
2021-07-19,106.04505157470703,27.972000122070312,582.0,593.2584391185316,1.9344397110878875
2021-07-20,107.01036834716797,28.077299118041992,581.0,600.9124241630576,3.4272674979445084
2021-07-21,108.36177825927734,27.999099731445312,585.0,606.8064473116538,3.727597831051921
2021-07-22,107.15743255615234,27.961599349975586,591.0,599.2586393014324,1.3974008970274676
2021-07-23,107.368896484375,27.99570083618164,585.0,601.1735010175034,2.7647010286330653
2021-07-26,106.32086181640625,28.018299102783203,580.0,595.7859414475504,2.7217140426811115
2021-07-27,104.38105010986328,28.047199249267578,580.0,585.5192220558238,0.951590009624792
2021-07-28,105.78764343261719,28.02389907836914,579.0,592.9164486588328,2.4035317200056694
2021-07-29,106.7805404663086,27.89900016784668,583.0,595.8140632784605,2.1979525348988727
2021-07-30,107.23098754882812,27.844999313354492,580.0,597.1693549334886,2.9602336092221737
2021-08-02,107.43323516845703,27.924100875854492,590.0,599.9952992526785,1.6941185174031315
2021-08-03,108.85820770263672,27.920900344848633,594.0,607.8838337968307,2.3373457570422085
2021-08-04,109.16157531738281,27.850299835205078,596.0,608.0365206144867,2.0195504386722574
2021-08-05,109.6028823852539,27.71470069885254,596.0,607.5222162077698,1.933257752981521
2021-08-06,108.67435455322266,27.72640037536621,591.0,602.6297329754307,1.9678059180085805
2021-08-09,108.68354034423828,27.82229995727539,595.0,604.7652119752078,1.6412120966735833
2021-08-10,106.97358703613281,27.785600662231445,591.0,594.465074158489,0.5863069642113361
2021-08-11,106.6334228515625,27.826200485229492,590.0,593.440600538766,0.5831526336891546
2021-08-12,106.3668212890625,27.791500091552734,586.0,591.2187047186308,0.8905639451588288
2021-08-13,106.18296813964844,27.796499252319336,581.0,590.3029589005571,1.6011977453626702
2021-08-16,105.38313293457031,27.808000564575195,584.0,586.0988440282468,0.35939110072720215
2021-08-17,102.14708709716797,27.78969955444336,580.0,567.7273721583712,-2.115970317522209
2021-08-18,101.54032135009766,27.89940071105957,574.0,566.5828227352264,-1.2921911611103898
2021-08-19,101.60467529296875,27.842199325561523,559.0,565.7795243831584,1.2127950595990145
2021-08-20,99.3982925415039,28.01799964904785,552.0,556.9882651087624,0.903671215355506
2021-08-23,102.0091781616211,27.97100067138672,566.0,570.6597581692622,0.8232788284915582
2021-08-24,103.06641387939453,27.901199340820312,572.0,575.1353117984952,0.5481314333033449
2021-08-25,107.58953094482422,27.89310073852539,585.0,600.2011250109354,2.5984829078522065
2021-08-26,108.5732192993164,27.884899139404297,594.0,605.5106538803724,1.9378205185812014
2021-08-27,108.93177032470703,27.91659927368164,599.0,608.2009160655143,1.536046087731946
2021-08-30,109.39141845703125,27.87299919128418,605.0,609.8133836372523,0.7956006011987204
2021-08-31,109.40982818603516,27.72920036315918,614.0,606.7694094938779,-1.1776206036029468
2021-09-01,110.74285888671875,27.568700790405273,613.0,610.6073482644045,-0.3903183907986052
2021-09-02,111.04621124267578,27.671600341796875,607.0,614.565275395615,1.2463386154225597
2021-09-03,113.96971130371094,27.62660026550293,620.0,629.7191313124786,1.5676018245933232
2021-09-07,114.64080047607422,27.533100128173828,623.0,631.2833276563499,1.3295871037479756
2021-09-08,112.0574951171875,27.59119987487793,619.0,618.3601490512956,-0.10336848928989006
2021-09-09,112.78376007080078,27.670700073242188,619.0,624.1611196103273,0.8337834588574067
2021-09-10,113.05037689208984,27.629600524902344,622.0,624.7073505436186,0.4352653607103907
2021-09-13,113.6479263305664,27.65049934387207,615.0,628.4843824871496,2.1925825182357084
2021-09-14,113.16069030761719,27.639400482177734,613.0,625.538727650384,2.045469437256764
2021-09-15,111.69895935058594,27.63559913635254,607.0,617.373532912106,1.7089840052892935
2021-09-16,111.50232696533203,27.612699508666992,600.0,615.7760498021701,2.629341633695015
2021-09-17,108.69607543945312,27.69300079345703,600.0,602.0241006780882,0.3373501130147005
2021-09-22,106.96063232421875,27.718599319458008,586.0,592.9597820701777,1.1876761211907283
2021-09-23,107.25601959228516,27.703899383544922,588.0,594.2819950128381,1.0683664987819919
2021-09-24,106.7483139038086,27.684999465942383,598.0,591.0654026834382,-1.1596316582879296
2021-09-27,107.21910858154297,27.726999282836914,602.0,594.572829349371,-1.2337492775131298
2021-09-28,103.29589080810547,27.654199600219727,594.0,571.3130364579702,-3.8193541316548507
2021-09-29,103.03741455078125,27.738100051879883,580.0,571.6124227793189,-1.4461340035657133
2021-09-30,103.06511688232422,27.812400817871094,580.0,573.2976682143868,-1.155574445795371
2021-10-01,102.98204040527344,27.836599349975586,574.0,573.3339598009188,-0.11603487788870437
2021-10-04,100.63734436035156,27.753999710083008,572.0,558.6177652401442,-2.339551531443318
2021-10-05,100.85889434814453,27.882299423217773,572.0,562.4355783419305,-1.6721016884736817
2021-10-06,100.93273162841797,27.871000289916992,571.0,562.6192384955502,-1.4677340638265757
2021-10-07,102.30816650390625,27.951000213623047,580.0,571.9231167612131,-1.3925660756529123
2021-10-08,101.57891845703125,27.9685001373291,575.0,568.201998963044,-1.1822610499053865
2021-10-12,100.80347442626953,28.042999267578125,575.0,565.3663519010413,-1.6754170606884666
2021-10-13,101.52352142333984,28.128700256347656,571.0,571.1449406172032,0.02538364574486973
2021-10-14,103.90513610839844,27.999500274658203,573.0,581.8583774011,1.5459646424258233
2021-10-15,106.02828979492188,27.98889923095703,600.0,593.5230237401556,-1.079496043307393
2021-10-18,106.47138977050781,28.0,590.0,596.2397827148437,1.057590290651489
2021-10-19,107.96683502197266,27.949199676513672,600.0,603.5173260940646,0.5862210156774461
2021-10-20,106.7021484375,27.8262996673584,598.0,593.8251915145665,-0.6981285092698131
2021-10-21,107.34833526611328,27.805999755859375,596.0,596.9855568402912,0.16536188595490664
2021-10-22,105.44673919677734,27.818500518798828,600.0,586.674033810239,-2.2209943649601604
2021-10-25,104.902099609375,27.836999893188477,593.0,584.0319471242838,-1.51231920332483
2021-10-26,105.40058898925781,27.80620002746582,599.0,586.1579720896028,-2.14391117035011
2021-10-27,105.0036392211914,27.796300888061523,599.0,583.7425500267389,-2.5471535848516136
2021-10-28,107.08987426757812,27.762500762939453,595.0,594.6165432113455,-0.06444651910159083
2021-10-29,104.95750427246094,27.72330093383789,590.0,581.9536952420021,-1.363780467457265
2021-11-01,105.34519958496094,27.816699981689453,590.0,586.0711622732109,-0.6659046994557771
2021-11-02,105.3359603881836,27.80109977722168,592.0,585.6911089762725,-1.0656910513053175
2021-11-03,105.24366760253906,27.85849952697754,592.0,586.3861328245432,-0.9482883742325643
2021-11-04,108.73301696777344,27.789499282836914,587.0,604.3272194093267,2.9518261344679386
2021-11-05,108.74222564697266,27.874099731445312,600.0,606.2183285406093,1.0363880901015365
2021-11-08,111.61310577392578,27.83009910583496,602.0,621.240759039679,3.1961393753619616
2021-11-09,112.41622161865234,27.80120086669922,611.0,625.0611915791058,2.301340683978026
2021-11-10,109.11148071289062,27.731300354003906,612.0,605.1606487438548,-1.117541054925686
2021-11-11,109.10226440429688,27.759000778198242,606.0,605.7139685004134,-0.04719991742352381
2021-11-12,109.56378936767578,27.801700592041016,604.0,609.2119335459138,0.8629029049526116
2021-11-15,109.03764343261719,27.781299591064453,608.0,605.8414877810399,-0.35501845706581436
2021-11-16,109.00070190429688,27.752500534057617,610.0,605.0084075623308,-0.818293842240847
2021-11-17,109.90535736083984,27.80069923400879,610.0,611.0891568389925,0.1785503014741785
2021-11-18,113.90241241455078,27.740699768066406,613.0,631.9465251301066,3.090787133785744
2021-11-19,114.70552062988281,27.806400299072266,618.0,637.9095246296026,3.2216059271201747
2021-11-22,115.15785217285156,27.792999267578125,615.0,640.1164202191867,4.0839707673474335
2021-11-23,112.02850341796875,27.769500732421875,612.0,622.195121543482,1.6658695332486761
2021-11-24,111.42848205566406,27.751399993896484,603.0,618.45927524789,2.5637272384560594
2021-11-26,108.08683013916016,27.764699935913086,596.0,600.1996811675577,0.7046444912009564
2021-11-29,110.1084213256836,27.853900909423828,593.0,613.3898113797361,3.438416758808782
2021-11-30,108.1422119140625,27.7455997467041,596.0,600.0941054981668,0.686930452712553
2021-12-01,111.35462188720703,27.578699111938477,600.0,614.2031223501923,2.367187058365383
2021-12-02,112.34233856201172,27.60449981689453,615.0,620.2308128529112,0.8505386752701183
2021-12-03,110.15459442138672,27.678699493408203,608.0,609.7871833615645,0.29394463183627373
2021-12-06,109.97919464111328,27.65719985961914,600.0,608.3433133178448,1.390552219640795
2021-12-07,112.91468048095703,27.65920066833496,607.0,624.6259611647431,2.9037827289527307
2021-12-08,112.43467712402344,27.742599487304688,602.0,623.8460431872402,3.6289108284452087
2021-12-09,110.31151580810547,27.630699157714844,608.0,609.5968613850534,0.26264167517326964
2021-12-10,109.96996307373047,27.68560028076172,605.0,608.9168881098856,0.6474195222951451
2021-12-13,107.46835327148438,27.63599967956543,601.0,593.9990753148334,-1.164879315335543
2021-12-14,107.34833526611328,27.745899200439453,599.0,595.6952179257117,-0.5517165399479551
2021-12-15,111.142333984375,27.78420066833496,600.0,617.6001820337958,2.933363672299305
2021-12-16,108.05192565917969,27.739700317382812,605.0,599.4656073003541,-0.9147756528340323
2021-12-17,107.82022094726562,27.757699966430664,607.0,598.5682686736924,-1.3890825908249749
2021-12-20,106.54104614257812,27.827199935913086,598.0,592.9477984781727,-0.8448497528139365
2021-12-21,108.85838317871094,27.815399169921875,597.0,605.5878762216307,1.4385052297538836
2021-12-22,112.4363021850586,27.730199813842773,600.0,623.5762251842564,3.929370864042725
2021-12-23,111.86161041259766,27.711000442504883,606.0,619.9594271285605,2.3035358297954556
2021-12-27,113.73400115966797,27.67930030822754,606.0,629.6155146709498,3.896949615668288
2021-12-28,113.14076232910156,27.683700561523438,615.0,626.4309971242677,1.858698719393126
2021-12-29,112.53825378417969,27.53499984741211,616.0,619.7481601550826,0.6084675576432774
2021-12-30,111.62061309814453,27.617399215698242,615.0,616.5342065264907,0.24946447585214582
2022-01-03,119.38825225830078,27.70210075378418,631.0,661.46107857553,4.827429251272575
2022-01-04,123.65213012695312,27.62470054626465,656.0,683.1706133329659,4.141861788561885
2022-01-05,117.77540588378906,27.515499114990234,650.0,648.1298152726027,-0.2877207272918847
2022-01-06,119.0823745727539,27.596399307250977,644.0,657.2489518330694,2.05729065730893
2022-01-07,114.47555541992188,27.6200008392334,634.0,632.3629873539903,-0.25820388738323485
2022-01-10,115.87520599365234,27.658000946044922,643.0,640.9753113991173,-0.31488158645142095
2022-01-11,119.7312240600586,27.598899841308594,651.0,660.8900121421669,1.51920309403486
2022-01-12,122.56761932373047,27.62700080871582,660.0,677.2351436358149,2.6113853993658953
2022-01-13,129.01905822753906,27.598600387573242,661.0,712.1490860805789,7.738137077243401
2022-01-14,130.38162231445312,27.56599998474121,672.0,718.8199597461498,6.96725591460563
2022-01-18,124.05068969726562,27.4237003326416,662.0,680.3857880630646,2.7773093750852906
2022-01-19,121.43675994873047,27.516199111938477,654.0,668.2956132515886,2.185873585869813
2022-01-20,118.95259857177734,27.54759979248047,651.0,655.3717159461812,0.6715385478004876
2022-01-21,115.4302978515625,27.615699768066406,641.0,637.5376899214461,-0.540141977933517
2022-01-24,116.75578308105469,27.691200256347656,653.0,646.6215540768346,-0.9767911061508983
2022-01-25,113.53008270263672,27.66390037536621,641.0,628.1369794985658,-2.0067114666824093
2022-01-26,114.08623504638672,27.697999954223633,636.0,631.9921066184731,-0.6301719153344099
2022-02-07,113.37249755859375,27.799999237060547,635.0,630.351069126511,-0.7321150981872471
2022-02-08,114.67019653320312,27.826000213623047,628.0,638.1625826458214,1.6182456442390913
2022-02-09,116.34794616699219,27.805200576782227,633.0,647.0155959739757,2.214154182302641
2022-02-10,115.59712982177734,27.78070068359375,649.0,642.2738526922651,-1.036386334011541
2022-02-11,112.16749572753906,27.826400756835938,650.0,624.2435376010369,-3.9625326767635527
2022-02-14,111.01808166503906,27.9060001373291,637.0,619.6141204381187,-2.729337450844793
2022-02-15,115.4209976196289,27.861799240112305,633.0,643.1673327543161,1.6062137052632153
2022-02-16,114.5682601928711,27.82069969177246,646.0,637.4738322069431,-1.3198402156434752
2022-02-17,111.00884246826172,27.810800552368164,645.0,617.4489554868167,-4.2714797694857864
2022-02-18,110.59172058105469,27.836700439453125,637.0,615.7017193797044,-3.3435291397638345
2022-02-22,108.36709594726562,27.812400817871094,627.0,602.7898215908092,-3.861272473555155
2022-02-23,107.43089294433594,27.837400436401367,625.0,598.1193572263292,-4.300902843787336
2022-02-24,103.70463562011719,27.872699737548828,604.0,578.1056340062875,-4.28714668770075
2022-02-25,103.1021499633789,28.06719970703125,604.0,578.7577266492881,-4.17918432958807
2022-03-01,100.15452575683594,27.97559928894043,604.0,560.376575909421,-7.222421207049501
2022-03-02,101.60051727294922,28.04680061340332,601.0,569.9138900346094,-5.172397664790451
2022-03-03,100.8404312133789,27.970500946044922,602.0,564.1114753306786,-6.293774862013524
2022-03-04,97.38300323486328,28.050500869750977,595.0,546.3284033876989,-8.180100270974966
2022-03-07,92.03463745117188,28.125999450683594,576.0,517.7132324791048,-10.119230472377637
2022-03-08,92.6927490234375,28.27589988708496,563.0,524.1941783290822,-6.892685909576867
2022-03-09,97.28104400634766,28.30340003967285,568.0,550.6768609577354,-3.0498484229339207
2022-03-10,96.36337280273438,28.26799964904785,587.0,544.7999577137525,-7.189104307708261
2022-03-11,93.99972534179688,28.30069923400879,575.0,532.0515909955254,-7.4692885225173145
2022-03-14,92.04389953613281,28.410999298095703,572.0,523.0118330230122,-8.564364856116757
2022-03-15,94.6300277709961,28.51099967956543,558.0,539.5993382912275,-3.2976096252280485
2022-03-16,98.43944549560547,28.51889991760254,558.0,561.4769388066925,0.6231073130273268
2022-03-17,99.18453979492188,28.378999710083008,582.0,562.9516052169608,-3.2729200658142887
2022-03-18,99.39877319335938,28.17799949645996,581.0,560.1717161982436,-3.584902547634483
2022-03-21,99.58506774902344,28.356000900268555,586.0,564.7668541489227,-3.623403728852781
2022-03-22,99.69683837890625,28.40999984741211,583.0,566.4774326264393,-2.8340595838011517
2022-03-23,98.12274932861328,28.46739959716797,590.0,558.6599029420759,-5.311880857275275
2022-03-24,100.51644897460938,28.55970001220703,591.0,574.1439258014318,-2.852127613970934
2022-03-25,99.40809631347656,28.651500701904297,598.0,569.6382282601087,-4.742771193961759
2022-03-28,99.0355224609375,28.66900062561035,584.0,567.849891078053,-2.765429609922432
2022-03-29,101.75523376464844,28.783700942993164,589.0,585.7784436132002,-0.5469535461459674
2022-03-30,99.40809631347656,28.628299713134766,600.0,569.1769550348748,-5.1371741608541965
2022-03-31,97.1075439453125,28.52560043334961,597.0,554.0101995295845,-7.200971603084671
2022-04-01,95.7384033203125,28.615699768066406,589.0,547.9242811376229,-6.973806258468107
2022-04-06,94.23883819580078,28.653200149536133,578.0,540.048858536806,-6.565941429618327
2022-04-07,93.62411499023438,28.725400924682617,566.0,537.878047862614,-4.968542780456886
2022-04-08,92.4784927368164,28.7987003326416,567.0,532.6520799083897,-6.057834231324566
2022-04-11,90.8764877319336,28.891000747680664,558.0,525.1025350019772,-5.895603046240638
2022-04-12,90.75540161132812,29.0310001373291,557.0,526.9440153283649,-5.396047517349212
2022-04-13,94.5368881225586,29.038000106811523,573.0,549.0324334800971,-4.182821382182011
2022-04-14,91.6123046875,28.86669921875,573.0,528.9089688301086,-7.694769837677374
2022-04-18,91.99417877197266,29.111000061035156,561.0,535.608508769155,-4.526112518867198
2022-04-19,92.62750244140625,29.214000701904297,565.0,541.2039842677768,-4.211684200393484
2022-04-20,92.21770477294922,29.253700256347656,570.0,539.5418187512435,-5.343540569957284
2022-04-21,90.96031951904297,29.16349983215332,565.0,530.5442526052444,-6.098362370753197
2022-04-22,89.11615753173828,29.288999557495117,558.0,522.0246197025496,-6.447200770152406
2022-04-25,89.63774108886719,29.31100082397461,547.0,525.4743805830018,-3.9352137873854165
2022-04-26,86.4057846069336,29.193700790405273,546.0,504.50092447500504,-7.60056328296611
2022-04-27,84.06797790527344,29.30069923400879,526.0,492.65010716274264,-6.3402838093645215
2022-04-28,88.68770599365234,29.37470054626465,531.0,521.0349611397396,-1.876655152591411
2022-04-29,86.5548095703125,29.452699661254883,538.0,509.8545621023048,-5.2314940330288495
2022-05-03,87.20677947998047,29.484600067138672,531.0,514.2514032220759,-3.154161351774798
2022-05-04,89.40489196777344,29.422100067138672,534.0,526.0959355935105,-1.4801618738744415
2022-05-05,85.82830810546875,29.239999771118164,542.0,501.9239418718731,-7.394106665706069
2022-05-06,85.34397888183594,29.606700897216797,528.0,505.3507312265807,-4.2896342373900165
2022-05-09,81.31105041503906,29.649999618530273,520.0,482.17452275764083,-7.274130238915221
2022-05-10,82.72675323486328,29.750999450683594,518.0,492.2407180094509,-4.972834361109857
2022-05-11,81.8046646118164,29.641700744628906,521.0,484.9658775876393,-6.916338274925282
2022-05-12,81.67427825927734,29.68899917602539,505.0,484.9655159884307,-3.967224556746396
2022-05-13,84.71994018554688,29.821500778198242,511.0,505.29515243443893,-1.1164085255501055
2022-05-16,84.20768737792969,29.781999588012695,520.0,501.57466215940076,-3.5433342001152335
2022-05-17,86.91806030273438,29.71190071105957,530.0,516.5001555425464,-2.547140463670494
2022-05-18,84.31945037841797,29.60580062866211,538.0,499.26896740436206,-7.199076690639028
2022-05-19,84.02140808105469,29.74020004272461,522.0,499.7626968403929,-4.260019762376843
2022-05-20,84.55228424072266,29.600500106811523,530.0,500.55797973973387,-5.555098162314365
2022-05-23,85.22291564941406,29.71299934387207,528.0,506.44568735478094,-4.082256182806643
2022-05-24,82.63362121582031,29.489999771118164,520.0,487.3730941482412,-6.274404971492076
2022-05-25,84.20768737792969,29.531700134277344,524.0,497.35923452919815,-5.084115547862944
2022-05-26,84.75720977783203,29.40999984741211,514.0,498.54190532662324,-3.00741141505384
2022-05-27,87.337158203125,29.312999725341797,530.0,512.0228188840672,-3.3919209652703453
2022-05-31,88.76222229003906,28.83099937438965,560.0,511.82071506271024,-8.603443738801742
2022-06-01,88.24994659423828,28.991500854492188,549.0,511.6996804191498,-6.794229431848853
2022-06-02,89.73086547851562,29.128299713134766,540.0,522.7415086354362,-3.1960169193636756
2022-06-06,86.72246551513672,29.361000061035156,540.0,509.2516630566097,-5.694136470998201
2022-06-07,87.40237426757812,29.38129997253418,535.0,513.599075333483,-4.000172834862981
2022-06-08,87.05775451660156,29.405000686645508,544.0,511.986666267697,-5.884803994908639
2022-06-09,84.61751556396484,29.438800811767578,541.0,498.2076371748408,-7.909863738476752
2022-06-10,82.59635925292969,29.5856990814209,530.0,488.7342060156225,-7.785998864976895
2022-06-13,79.68109130859375,29.642000198364258,516.0,472.3813848750433,-8.453219985456728
2022-06-14,81.20860290527344,29.68869972229004,513.0,482.1955653042707,-6.0047630985827105
2022-06-15,83.01548767089844,29.577699661254883,509.0,491.08143231248835,-3.520347286348069
2022-06-16,79.13639068603516,29.405000686645508,508.0,465.4011244923022,-8.385605414901143
2022-06-17,79.58583068847656,29.695999145507812,501.0,472.6761520239059,-5.653462669879062
2022-06-21,81.41162109375,29.702999114990234,505.0,483.6338618595153,-4.230918443660336
2022-06-22,79.50154876708984,29.724000930786133,494.5,472.62082191038354,-4.424505174846605
2022-06-23,78.7618637084961,29.67169952392578,485.5,467.39967078057816,-3.7281831553906963
2022-06-24,80.44721221923828,29.613100051879883,486.5,476.4582688686234,-2.0640762859972406
2022-06-27,80.39103698730469,29.694000244140625,498.5,477.42629438554866,-4.227423393069474
2022-06-28,78.96785736083984,29.43000030517578,497.5,464.80481324571883,-6.571896835031388
2022-06-29,78.32179260253906,29.67099952697754,491.0,464.7771742523939,-5.340697708270081
2022-06-30,76.54281616210938,29.665000915527344,476.0,454.12854230520315,-4.594844053528746
2022-07-01,72.09539031982422,29.65570068359375,453.5,427.60786319831385,-5.709401720327712
2022-07-05,71.26207733154297,29.690000534057617,446.0,423.1542228063132,-5.122371568091211
2022-07-06,70.74711608886719,29.78070068359375,435.5,421.3797376940027,-3.242310518024638
2022-07-07,75.51289367675781,29.788000106811523,457.5,449.8756169817818,-1.6665318072608182
2022-07-08,76.31812286376953,29.75200080871582,467.0,454.1233706325089,-2.7573082157368534
2022-07-11,74.07096862792969,29.75200080871582,462.0,440.75190370410564,-4.599155042401371
2022-07-12,74.06163024902344,29.86319923400879,449.5,442.34344394441575,-1.5921148065815904
2022-07-13,76.11213684082031,29.864999771118164,470.5,454.6177898660826,-3.375602578940995
2022-07-14,78.34053039550781,29.766000747680664,475.0,466.37685726527707,-1.8153984704679882
2022-07-15,80.1756820678711,29.918699264526367,492.5,479.75042402338295,-2.5887463911912767
2022-07-18,78.25627899169922,29.910999298095703,495.5,468.14470119845936,-5.520746478615668
2022-07-19,80.66255950927734,29.81999969482422,491.0,481.07149999007817,-2.0220977616948743
2022-07-20,81.04645538330078,29.785999298095703,495.0,482.80993263202834,-2.462639872317507
2022-07-21,82.19808959960938,29.880699157714844,501.0,491.2272773329634,-1.950643246913486
2022-07-22,80.82174682617188,29.880300521850586,503.0,482.9956167733879,-3.9770145579745786
2022-07-25,80.8030014038086,29.801000595092773,499.5,481.6020585840364,-3.5831714546473714
2022-07-26,79.04277038574219,29.827999114990234,495.0,471.5375370224589,-4.739891510614369
2022-07-27,82.04829406738281,29.920299530029297,502.0,490.9819068848039,-2.1948392659753235
2022-07-28,82.96586608886719,29.85930061340332,501.0,495.46054723976994,-1.105679193658693
2022-07-29,82.84416198730469,29.915000915527344,509.0,495.65663633926306,-2.621485984427685
2022-08-01,80.81236267089844,30.00200080871582,504.0,484.9065140413062,-3.7883900711694007
2022-08-02,80.56893920898438,30.167999267578125,492.0,486.1207398092374,-1.1949715834883246
2022-08-03,80.9996337890625,29.966299057006836,501.0,485.45184992621654,-3.10342316841985
2022-08-04,82.7879638671875,29.941999435424805,500.0,495.76743347425946,-0.8465133051481111
2022-08-05,84.05198669433594,29.95170021057129,516.0,503.4999815143354,-2.4224842026481785
2022-08-08,82.33854675292969,29.94499969482422,512.0,493.1255514777498,-3.6864157270019904
2022-08-09,79.7824478149414,30.000699996948242,510.0,478.7058563836472,-6.136106591441726
2022-08-10,83.02204132080078,30.027999877929688,500.0,498.59716932929587,-0.280566134140825
2022-08-11,83.81790161132812,29.910400390625,514.0,501.4053994193673,-2.450311397010252
2022-08-12,85.0725326538086,29.94930076599121,517.0,509.5725734747044,-1.4366395600184823
2022-08-15,85.7373275756836,29.94300079345703,523.0,513.4465735255159,-1.8266589817369283
2022-08-16,84.22049713134766,29.98270034790039,525.0,505.03158572808024,-3.8035074803656643
2022-08-17,83.51829528808594,29.94379997253418,527.0,500.17102563069784,-5.0908869770971865
2022-08-18,83.58383178710938,29.935699462890625,520.0,500.4280936671421,-3.763828140934211
2022-08-19,81.64568328857422,29.97369956970215,519.0,489.444636410955,-5.694675065326582
2022-08-22,79.81053161621094,30.101999282836914,510.0,480.4913130948029,-5.786017040234725
2022-08-23,80.55020904541016,30.13170051574707,504.0,485.42295508742393,-3.6859216096381098
2022-08-24,80.11015319824219,30.170000076293945,503.0,483.38466562057727,-3.8996688627082943
2022-08-25,81.99210357666016,30.204999923706055,508.0,495.3142964555038,-2.497185737105556
2022-08-26,79.3423843383789,30.187999725341797,512.0,479.03757532298914,-6.437973569728683
2022-08-29,77.57275390625,30.2810001373291,498.5,469.79611433763057,-5.758051286332888
2022-08-30,77.5166015625,30.368000030517578,496.0,470.8048317231238,-5.079671023563748
2022-08-31,78.0409164428711,30.43670082092285,505.0,475.0616051124613,-5.928395027235389
2022-09-01,76.4398193359375,30.332700729370117,490.5,463.7252327448223,-5.458668145805856
2022-09-02,75.74696350097656,30.548200607299805,485.0,462.7866872843297,-4.580064477457801
2022-09-06,74.93238830566406,30.68600082397461,489.0,459.87506585799855,-5.956019251943035
2022-09-07,74.85748291015625,30.7987003326416,472.5,461.10263676114846,-2.4121403680109066
2022-09-08,75.1290054321289,30.84779930114746,475.0,463.512896253026,-2.4183376309419025
2022-09-12,76.9173355102539,30.850000381469727,486.5,474.5799659665936,-2.4501611579458182
2022-09-13,73.79009246826172,30.882999420166016,493.0,455.77187658226467,-7.551343492441243
2022-09-14,74.58594512939453,31.11870002746582,480.0,464.20353054933076,-3.2909311355560855
2022-09-15,73.4259033203125,31.069000244140625,476.5,456.253881637007,-4.248923056241971
2022-09-16,73.3411636352539,31.222000122070312,472.0,457.97156399453525,-2.972126272344233
2022-09-19,73.66129302978516,31.26099967956543,467.0,460.5451315600978,-1.382198809400903
2022-09-20,73.5859603881836,31.32200050354004,476.5,460.97189766643277,-3.258783280916522
2022-09-21,72.63497161865234,31.339000701904297,471.0,455.2614853079489,-3.3415105503293296
2022-09-22,71.213134765625,31.450000762939453,464.5,447.9306285420433,-3.5671413257172713
2022-09-23,69.55594635009766,31.538299560546875,455.0,438.7352544413414,-3.5746693535513407
2022-09-26,68.74614715576172,31.791000366210938,446.5,437.10175788088236,-2.104869455569458
2022-09-27,68.76498413085938,31.822999954223633,448.0,437.66161736970537,-2.307674694262196
2022-09-28,67.91754150390625,31.674999237060547,438.0,430.2576150638517,-1.76766779364117
2022-09-29,65.2339859008789,31.67099952697754,435.0,413.20510732191906,-5.0103201558806765
2022-09-30,64.55602264404297,31.63050079345703,422.0,408.38786509296625,-3.2256243855530164
2022-10-03,65.20573425292969,31.80299949645996,417.0,414.74758672244496,-0.5401470689580412
2022-10-04,68.55782318115234,31.783700942993164,429.0,435.8042698584701,1.5860768900862743
2022-10-05,70.13030242919922,31.628000259399414,445.0,443.61624468449446,-0.3109562506753982
2022-10-06,70.00788879394531,31.523500442504883,451.0,441.3787426749535,-2.133316480054648
2022-10-07,65.67652893066406,31.538999557495117,438.0,414.2744033764058,-5.416802882099125
2022-10-11,59.744476318359375,31.792800903320312,401.5,379.88884813254697,-5.382603204845093
2022-10-12,60.36592483520508,31.825300216674805,397.5,384.23273614752543,-3.3376764408741044
2022-10-13,62.72933578491211,31.774200439453125,395.0,398.6348977327114,0.9202272741041462
2022-10-14,60.18701934814453,31.848600387573242,412.0,383.3744655476388,-6.947945255427479
2022-10-17,61.100372314453125,31.961999893188477,397.0,390.5780186776654,-1.6176275371119875
2022-10-18,59.98927688598633,31.988000869750977,407.0,383.78740824093256,-5.70333949854237
2022-10-19,59.94219970703125,32.016998291015625,395.5,383.83386111594734,-2.9497190604431456
2022-10-20,59.86687088012695,32.152000427246094,397.5,384.9679316231457,-3.152721604240072
2022-10-21,60.02695083618164,32.09400177001953,389.5,385.3010132770578,-1.0780453717438299
2022-10-24,57.71061325073242,32.18000030517578,387.0,371.4255104040902,-4.024415916255764
2022-10-25,57.56937789916992,32.31129837036133,371.0,372.0282692592329,0.27716152539969396
2022-10-26,57.286895751953125,32.22700119018555,376.0,369.23697151604574,-1.7986777882857075
2022-10-27,57.39046859741211,31.962900161743164,385.5,366.8731636029479,-4.831864175629597
2022-10-28,58.38855743408203,32.042999267578125,379.5,374.18890061904676,-1.399499178116792
2022-10-31,57.95542526245117,32.11399841308594,390.0,372.23608698161553,-4.554849491893453
2022-11-01,57.983673095703125,32.24769973754883,391.5,373.9680159340845,-4.478156849531412
2022-11-02,56.98558044433594,32.124000549316406,395.0,366.12096349939236,-7.311148481166496
2022-11-03,56.75960159301758,32.247501373291016,384.0,366.07106606365704,-4.668993212589312
2022-11-04,58.831119537353516,32.150001525878906,382.0,378.284116579016,-0.9727443510429423
2022-11-07,59.094757080078125,31.999000549316406,390.0,378.1946328534279,-3.027017217069772
2022-11-08,61.222782135009766,31.850000381469727,399.0,389.9891268709398,-2.25836419274692
2022-11-09,61.20395278930664,31.7898006439209,417.0,389.1322915584009,-6.6829037030213705
2022-11-10,66.702880859375,31.91200065612793,407.5,425.7244755499996,4.472263938650212
2022-11-11,69.51825714111328,31.402000427246094,441.5,436.6024680893286,-1.109293751001439
2022-11-14,68.54843139648438,31.096599578857422,445.0,426.3246245790506,-4.1967135777414395
2022-11-15,75.76106262207031,30.888999938964844,480.0,468.03669174180834,-2.4923558871232654
2022-11-16,74.81005859375,31.07900047302246,487.0,465.0043692843989,-4.516556615113165
2022-11-17,76.72149658203125,31.03499984741211,485.0,476.2103269433137,-1.812303723028097
2022-11-18,77.4653549194336,31.024999618530273,487.0,480.6725213649479,-1.2992769271154225
2022-11-21,75.26200866699219,31.111299514770508,482.0,468.29977874440954,-2.8423695551017536
2022-11-22,77.7196044921875,31.131000518798828,491.0,483.89780955342576,-1.4464746327035094
2022-11-23,77.1828842163086,31.107200622558594,492.0,480.1886927888845,-2.400672197381193
2022-11-25,76.64617156982422,30.913000106811523,498.0,473.8726219849341,-4.84485502310561
2022-11-28,74.59349822998047,30.928499221801758,480.5,461.41299039148436,-3.9723224991707884
2022-11-29,74.69705963134766,31.006099700927734,487.0,463.21289565914196,-4.884415675740872
2022-11-30,78.13390350341797,30.945999145507812,490.0,483.58634221039244,-1.3089097529811355
2022-12-01,77.85142517089844,30.777999877929688,498.5,479.22223088131284,-3.86715528960625
2022-12-02,76.7403335571289,30.587799072265625,492.5,469.46358071682045,-4.677445539731895
2022-12-05,76.85332489013672,30.538000106811523,489.0,469.3893687407632,-4.010354040743724
2022-12-06,74.91361999511719,30.562999725341797,478.0,457.91698946702525,-4.2014666386976485
2022-12-07,74.61231994628906,30.633499145507812,475.0,457.1272878638003,-3.7626762391999358
2022-12-08,76.08121490478516,30.636999130249023,471.5,466.18002297323835,-1.1283090194616485
2022-12-09,75.97763061523438,30.46299934387207,481.5,462.90130231616786,-3.8626578782621324
2022-12-12,75.7328109741211,30.693700790405273,475.0,464.90404801119877,-2.1254635765897367
2022-12-13,75.80814361572266,30.68000030517578,471.5,465.1587738530361,-1.3449048031736743
2022-12-14,75.34675598144531,30.60099983215332,480.5,461.13721342830104,-4.029716248012272
2022-12-15,73.4917221069336,30.48430061340332,480.5,448.0687498608924,-6.749479737587427
2022-12-16,72.25122833251953,30.809999465942383,471.0,445.2120612677216,-5.475146227659955
2022-12-19,72.06182861328125,30.77079963684082,466.5,443.48001794472805,-4.934615660294095
2022-12-20,71.60731506347656,30.78569984436035,457.5,440.8962616409466,-3.6292324282083954
2022-12-21,73.0466537475586,30.724000930786133,459.0,448.8570915461605,-2.209783976871349
2022-12-22,71.28535461425781,30.679000854492188,468.0,437.39269102471883,-6.5400232853164875
2022-12-23,70.91605377197266,30.739999771118164,455.0,435.99189534380855,-4.177605418943175
2022-12-27,70.37629699707031,30.7189998626709,457.0,432.37789155765785,-5.387769899856054
2022-12-28,69.18314361572266,30.72209930419922,451.0,425.09028166778154,-5.744948632420943
2022-12-29,71.96715545654297,30.72800064086914,446.0,442.2813597980363,-0.8337758300366982
2022-12-30,70.53726196289062,30.680099487304688,448.5,432.8180429167114,-3.496534466731005
2023-01-03,70.10169219970703,30.72010040283203,453.0,430.7062045566854,-4.921367647530817
2023-01-04,72.27017211914062,30.650299072265625,449.5,443.0204778911546,-1.4414954635918575
2023-01-05,71.71147918701172,30.687999725341797,458.5,440.1363707189739,-4.005153605458256
2023-01-06,73.92729949951172,30.62299919128418,458.5,452.77512655747415,-1.2486092568213425
2023-01-09,76.0484390258789,30.561500549316406,481.0,464.8308822128107,-3.361562949519603
2023-01-10,76.9574966430664,30.461999893188477,486.0,468.8558509042283,-3.527602694603227
2023-01-11,77.4404525756836,30.432600021362305,484.5,471.342863741811,-2.715611198800616
2023-01-12,82.3834457397461,30.434999465942383,486.5,501.4680254183331,3.0766753172318806
2023-01-13,82.19406127929688,30.32550048828125,500.0,498.5152090918273,-0.29695818163454346
2023-01-17,84.26785278320312,30.32900047302246,503.0,511.1519493844709,1.620665881604566
2023-01-30,88.18817138671875,30.256000518798828,543.0,533.6442718456965,-1.7229701941627096
2023-01-31,87.80940246582031,30.094999313354492,522.0,528.5247813829861,1.2499581193460063
2023-02-01,89.7127456665039,30.0310001373291,530.0,538.8326954861899,1.6665463181490425
2023-02-02,91.5213851928711,29.533000946044922,540.0,540.5802310968808,0.10745020312605824
2023-02-03,89.63697814941406,29.542999267578125,542.0,529.6290359632112,-2.282465689444424
2023-02-06,86.95716094970703,29.96579933166504,526.0,521.1481670940441,-0.9224016931475121
2023-02-07,89.53282928466797,29.998300552368164,523.0,537.166544437068,2.708708305366714
2023-02-08,89.27713775634766,30.027099609375,540.0,536.1467016499489,-0.7135737685279753
2023-02-09,91.55924987792969,30.041500091552734,540.0,550.1154427180649,1.873230132974979
2023-02-10,90.30929565429688,30.003000259399414,545.0,541.9099641884095,-0.5669790479982617
2023-02-13,91.0100326538086,30.18079948425293,541.0,549.3511093159817,1.5436431267988437
2023-02-14,92.76188659667969,30.219999313354492,545.0,560.6528298514255,2.872078871821193
2023-02-15,87.83779907226562,30.248699188232422,525.0,531.3958322986728,1.2182537711757702
2023-02-16,86.0007553100586,30.302000045776367,528.0,521.1989782684395,-1.2880722976440273
2023-02-17,85.31893157958984,30.253000259399414,518.0,516.2307318418025,-0.34155755949759614
2023-02-21,82.98949432373047,30.364500045776367,516.0,503.98690083837425,-2.328119992563127
2023-02-22,82.22247314453125,30.484500885009766,507.0,501.3022110684309,-1.1238242468578075
2023-02-23,85.3000259399414,30.475299835205078,518.0,519.908773294097,0.3684890529144891
2023-02-24,83.43453979492188,30.283000946044922,511.0,505.3296495084884,-1.1096576304328032
2023-03-01,83.72809600830078,30.64579963684082,522.0,513.1828908489115,-1.6891013699403268
2023-03-02,84.30572509765625,30.560699462890625,519.0,515.2883855421096,-0.7151472943912163
2023-03-03,85.025390625,30.601499557495117,516.0,520.3808907173574,0.8490098289452241
2023-03-06,84.82654571533203,30.498600006103516,521.0,517.4181775342731,-0.6874899166462334
2023-03-07,84.13528442382812,30.575000762939453,524.0,514.4872770897346,-1.8154051355468437
2023-03-08,86.01022338867188,30.726299285888672,521.0,528.5551730972948,1.450129193338734
2023-03-09,84.16368103027344,30.72480010986328,522.0,517.1824552330887,-0.9229012963431593
2023-03-10,82.62017822265625,30.813899993896484,513.0,509.16998184616676,-0.7465922327160257
2023-03-13,83.08416748046875,30.828699111938477,516.0,512.275360044255,-0.7218294487877919
2023-03-14,84.55193328857422,30.454999923706055,510.0,515.0058243705455,0.9815341903030461
2023-03-15,82.09937286376953,30.378999710083008,511.0,498.81936488529027,-2.3836859324285142
2023-03-16,85.00160217285156,30.520000457763672,505.0,518.849787445215,2.742532167369305
2023-03-17,85.16342163085938,30.548999786376953,518.0,520.3314698416507,0.45009070302137744
2023-03-20,85.70598602294922,30.618000030517578,512.0,524.8291765332397,2.5056985416483712
2023-03-21,88.04757690429688,30.506000518798828,517.0,537.195885344292,3.90636080160387
2023-03-22,88.16181945800781,30.480100631713867,533.0,537.4362257910136,0.832312531147017
2023-03-23,90.03697204589844,30.350000381469727,538.0,546.5244271878794,1.5844660200519334
2023-03-24,88.32361602783203,30.13800048828125,539.0,532.3794365947135,-1.2283048989399803
2023-03-27,86.296142578125,30.320999145507812,531.0,523.3170530743897,-1.446882660190263
2023-03-28,86.43891906738281,30.163000106811523,525.0,521.4514250124281,-0.6759190452517938
2023-03-29,88.29505920410156,30.344999313354492,530.0,535.8627021842112,1.106170223436087
2023-03-30,88.01902770996094,30.516000747680664,535.0,537.1977430814586,0.4107930993380693
2023-03-31,88.54254150390625,30.351999282836914,533.0,537.488631245424,0.8421446989538506
2023-04-06,85.8963623046875,30.540800094604492,530.0,524.6687260002363,-1.0059007546723842
2023-04-10,84.7350845336914,30.39299964904785,529.0,515.0706788989046,-2.6331419850841975
2023-04-11,84.9444808959961,30.522199630737305,524.0,518.5384806873888,-1.042274677979249
2023-04-12,82.68856811523438,30.479900360107422,520.0,504.06786341445985,-3.0638724202961876
2023-04-13,82.85990142822266,30.446500778198242,510.0,504.55881066316215,-1.0668998699682075
2023-04-14,83.00267791748047,30.451000213623047,516.0,505.50291259929656,-2.034319263702211
2023-04-17,83.75464630126953,30.506000518798828,520.0,511.00385670366813,-1.7300275569869017
2023-04-18,83.8974380493164,30.46649932861328,515.0,511.21224800037453,-0.7354858251699903
2023-04-19,83.03125,30.451900482177734,510.0,505.691872382164,-0.8447309054580465
2023-04-20,84.99208068847656,30.537500381469727,513.0,519.0891392892518,1.1869667230510306
2023-04-21,81.26077270507812,30.55929946899414,511.0,496.6544576352695,-2.8073468424130055
2023-04-24,80.56591033935547,30.625,507.0,493.46620082855225,-2.6693883967352616
2023-04-25,78.32903289794922,30.57200050354004,498.0,478.93504663958157,-3.8283038876342212
2023-04-26,78.29094696044922,30.693700790405273,491.5,480.6077801203035,-2.2161179816269527
2023-04-27,79.64260864257812,30.628299713134766,493.5,487.863537488156,-1.1421403266147934
2023-04-28,80.24227905273438,30.626800537109375,502.0,491.5128550382331,-2.08907270154719
2023-05-02,78.9667739868164,30.72879981994629,501.0,485.3108380535647,-3.131569250785493
2023-05-03,78.71929931640625,30.75480079650879,496.0,484.19927386336497,-2.379178656579639
2023-05-04,79.47126007080078,30.646799087524414,498.0,487.1079481244466,-2.187159011155304
2023-05-05,80.8800277709961,30.627899169921875,500.0,495.4370670861099,-0.9125865827780189
2023-05-08,81.4225845336914,30.577999114990234,504.0,497.9479435622867,-1.2008048487526346
2023-05-09,80.96568298339844,30.58799934387207,510.0,495.3156515944691,-2.8792840010844922
2023-05-10,80.81340026855469,30.649799346923828,503.0,495.3829005547683,-1.5143338857319444
2023-05-11,79.41413879394531,30.61440086364746,499.0,486.24325585583574,-2.5564617523375244
2023-05-12,79.41413879394531,30.697900772094727,496.0,487.5694705195783,-1.6997035242785619
2023-05-15,81.53683471679688,30.809999465942383,495.5,502.42996681582883,1.3985805884619174
2023-05-16,81.7462158203125,30.743000030517578,505.0,502.62478309171274,-0.470339981839063
2023-05-17,86.50556182861328,30.777799606323242,519.0,532.4901693586929,2.5992619188232924
2023-05-18,88.19033813476562,30.79129981994629,530.0,543.0990285460023,2.471514820000431
2023-05-19,88.12371826171875,30.69029998779297,532.0,540.9086698983796,1.6745620109736015
2023-05-22,87.30510711669922,30.6200008392334,531.0,534.6564906365384,0.688604639649415
2023-05-23,86.08673095703125,30.660999298095703,530.0,527.9010394897778,-0.3960302849475905
2023-05-24,85.79164123535156,30.805400848388672,525.0,528.5691795392311,0.6798437217582887
2023-05-25,96.09082794189453,30.808399200439453,543.0,592.0809173469257,9.038842973651139
2023-05-26,98.24205017089844,30.75979995727539,566.0,604.3811621298897,6.781124051217269
2023-05-30,97.07125854492188,30.535999298095703,566.0,592.8335765586002,4.740914586325107
2023-05-31,93.84442901611328,30.56130027770996,558.0,573.6015549103352,2.7959775824973443
2023-06-01,94.08241271972656,30.64590072631836,551.0,576.6480560602504,4.654819611660677
2023-06-02,94.1775894165039,30.582799911499023,562.0,576.0428746544494,2.498732144919824
2023-06-05,93.3304214477539,30.66699981689453,555.0,572.4328034897917,3.1410456738363512
2023-06-06,95.01522827148438,30.64579963684082,560.0,582.3635296113207,3.993487430592979
2023-06-07,95.46260070800781,30.631799697875977,568.0,584.8382527052017,2.964481110070727
2023-06-08,95.12944793701172,30.712900161743164,559.0,584.340247386237,4.5331390673053695
2023-06-09,97.851806640625,30.64579963684082,565.0,599.7493720822968,6.1503313419994265
2023-06-12,101.90673065185547,30.660999298095703,574.0,624.9124393975537,8.869762961246286
2023-06-13,101.65925598144531,30.711299896240234,593.0,624.4175795349641,5.298074120567309
2023-06-14,102.23989868164062,30.577999114990234,590.0,625.2583062807796,5.975984115386379
2023-06-15,100.53656768798828,30.731300354003906,591.0,617.9238916360424,4.555650023019031
2023-06-16,99.9534912109375,30.65329933166504,589.0,612.7808570667636,4.0374969553079065
2023-06-20,99.38954162597656,30.791799545288086,583.0,612.0765685290273,4.987404550433494
2023-06-21,97.15284729003906,30.95330047607422,581.0,601.4402548549464,3.518116154035522
2023-06-26,95.69038391113281,30.996999740600586,574.0,593.2229610542709,3.3489479188625104
2023-06-27,97.57341003417969,31.003999710083008,572.0,605.0331952823035,5.775034140262858
2023-06-28,96.46463012695312,30.993499755859375,574.0,597.9552980577573,4.1733968741737515
2023-06-29,96.19698333740234,31.056499481201172,573.0,597.5083126222307,4.277192429708676
2023-06-30,96.46463012695312,31.117300033569336,576.0,600.3437676575384,4.226348551655956
2023-07-03,98.59617614746094,31.145999908447266,579.0,614.1752986524137,6.075181114406525
2023-07-05,96.53154754638672,31.077999114990234,582.0,600.0014698430489,3.0930360555066816
2023-07-06,95.02129364013672,31.224199295043945,565.0,593.3927619785042,5.025267606814898
2023-07-07,95.80509948730469,31.326900482177734,565.0,600.2553634647862,6.2398873389002185
2023-07-10,95.36539459228516,31.259000778198242,565.0,596.2053887546848,5.523077655696418
2023-07-11,96.78962707519531,31.360000610351562,577.0,607.064552830765,5.21049442474264
2023-07-12,99.31306457519531,31.265499114990234,578.0,621.0145065165474,7.4419561447313765
2023-07-13,100.90935516357422,31.03380012512207,585.0,626.3201517802634,7.063273808592019
2023-07-14,100.49832153320312,30.957799911499023,591.0,622.2413858932792,5.286190506477029
2023-07-17,100.16378021240234,30.950000762939453,591.0,620.0138147985505,4.909274923612594
2023-07-18,98.59617614746094,30.950000762939453,581.0,610.3103453973657,5.04480987906466
2023-07-19,98.51016998291016,30.902999877929688,581.0,608.8519541913411,4.793795902124098
2023-07-20,93.53972625732422,31.04330062866211,579.0,580.7563685857749,0.3033451788903019
2023-07-21,92.95664978027344,31.037799835205078,560.0,577.0339778462774,3.0417817582638174
2023-07-24,93.9124984741211,31.32200050354004,558.0,588.3054648990249,5.43108689946683
2023-07-25,95.89112854003906,31.299999237060547,569.0,600.2784500288195,5.497091393465636
2023-07-26,95.02129364013672,31.166000366210938,566.0,592.2867344772676,4.644299377609107
2023-07-27,94.96393585205078,31.214000701904297,569.0,592.8408720683016,4.189959941705013
2023-07-28,96.40727233886719,31.296300888061523,567.0,603.4382005828957,6.426490402627105
2023-07-31,94.77277374267578,31.353500366210938,565.0,594.2916392495623,5.184360929126064
2023-08-01,94.05587005615234,31.39889907836914,567.0,590.6501543242659,4.171103055426095
2023-08-02,91.4750747680664,31.594999313354492,561.0,578.0309848972217,3.035826184888002
2023-08-04,91.91477966308594,31.640499114990234,554.0,581.6459009168786,4.990234822541262
2023-08-07,92.09638214111328,31.652000427246094,558.0,583.0069453756674,4.481531429331076
2023-08-08,90.3185043334961,31.66550064086914,552.0,571.9961313709325,3.6224875671979184
2023-08-09,89.83101654052734,31.795499801635742,554.0,571.2444137190148,3.1127100575838895
2023-08-10,90.61479949951172,31.708999633789062,551.0,574.6609288291772,4.294179460830705
2023-08-11,87.9288558959961,31.741500854492188,546.0,558.1987709114561,2.2342071266403085
2023-08-14,88.961181640625,31.893999099731445,541.0,567.4655694314279,4.891972168470948
2023-08-15,87.63256072998047,31.90399932861328,542.0,559.1658317387919,3.167127627083377
2023-08-16,87.72814178466797,31.864900588989258,542.0,559.0897033650399,3.1530818016678674
2023-08-17,87.59429931640625,31.912799835205078,544.0,559.0758681579027,2.7712992937321212
2023-08-18,87.07815551757812,31.896400451660156,539.0,555.4959437961224,3.0604719473325437
2023-08-21,88.47368621826172,31.902000427246094,537.0,564.4975151070045,5.120580094414229
2023-08-22,88.1678237915039,31.916200637817383,541.0,562.7963907858735,4.028907723821362
2023-08-23,90.06043243408203,31.976999282836914,552.0,575.9724766713247,4.34283997668925
2023-08-24,88.44503021240234,31.85580062866211,564.0,563.4974498084572,-0.0891046438905696
2023-08-25,88.98987579345703,31.81410026550293,546.0,566.2265662215389,3.7044993079741406
2023-08-28,89.85012817382812,31.812000274658203,549.0,571.662460428779,4.12795271926758
2023-08-29,90.88246154785156,31.81800079345703,552.0,578.3396467281739,4.771675131915565
2023-08-30,90.59569549560547,31.767000198364258,555.0,575.5906953559694,3.7100351992737535
2023-08-31,89.43912506103516,31.798799514770508,549.0,568.8113613184687,3.608626833965145
2023-09-01,89.0759048461914,31.80780029296875,548.0,566.6617184526287,3.4054230752972092
2023-09-05,90.42365264892578,31.857799530029297,552.0,576.139719772496,4.373137639944935
2023-09-06,88.18695831298828,31.904499053955078,550.0,562.7121456135822,2.3112992024694856
2023-09-07,86.07450866699219,31.933900833129883,542.0,549.7389648064214,1.427853285317604
2023-09-08,85.68260955810547,32.03139877319336,539.0,548.906766936701,1.8379901552320943
2023-09-11,85.6443862915039,32.084999084472656,536.0,549.5800111506251,2.533584169892733
2023-09-12,86.48554229736328,31.9064998626709,544.0,551.8901886867679,1.4504023321264548
2023-09-13,87.19285583496094,31.96380043029785,541.0,557.4030085712845,3.0319794031949288
2023-09-14,87.88560485839844,31.894899368286133,550.0,560.6205045759154,1.9310008319846306
2023-09-15,85.75259399414062,31.868900299072266,558.0,546.5681736772182,-2.048714394763773
2023-09-18,85.34906768798828,31.878000259399414,540.0,544.1515203794377,0.768800070266229
2023-09-19,84.71492767333984,31.898500442504883,538.0,540.45583157496,0.45647427043866706
2023-09-20,83.86940002441406,31.979999542236328,535.0,536.4286748776794,0.26704203321110676
2023-09-21,82.0150375366211,32.0088996887207,527.0,525.0422218952735,-0.37149489653253154
2023-09-22,82.2840576171875,32.13800048828125,522.0,528.8890167757869,1.3197350145185638
2023-09-25,82.86054229736328,32.13100051879883,525.0,532.4784255089064,1.4244620016964582
2023-09-26,80.9869613647461,32.10279846191406,519.0,519.981619747053,0.18913675280403108
2023-09-27,82.0918960571289,32.18980026245117,522.0,528.5043474489764,1.2460435726008523
2023-09-28,83.02389526367188,32.225799560546875,523.0,535.1022815005854,2.3140117591941456
2023-10-02,84.21529388427734,32.244998931884766,533.0,543.1044122693769,1.8957621518530754
2023-10-03,82.0630874633789,32.306800842285156,529.0,530.239164636482,0.2342466231535001
2023-10-04,83.27368927001953,32.31169891357422,520.0,538.1428750230814,3.4890144275156576
2023-10-05,83.61958312988281,32.29119873046875,528.0,540.0353153211996,2.279415780530236
2023-10-06,85.7910385131836,32.20370101928711,532.0,552.557790882542,3.864246406492855
2023-10-11,88.39482879638672,32.01649856567383,544.0,566.0185818744998,4.047533432812456
2023-10-12,88.79837799072266,32.059200286865234,550.0,569.3609970306686,3.5201812783033803
2023-10-13,86.91519165039062,32.1697998046875,553.0,559.2088630758226,1.1227600498775026
2023-10-16,87.64539337158203,32.19490051269531,545.0,564.3469439988257,3.5498979814359233
2023-10-17,87.43403625488281,32.186500549316406,551.0,562.8391311893472,2.148662647794408
2023-10-18,86.0888900756836,32.32500076293945,540.0,556.5646874754166,3.06753471766974
2023-10-19,89.26917266845703,32.395301818847656,546.0,578.3803583426983,5.930468560933755
2023-10-20,87.73188781738281,32.34830093383789,556.0,567.595501722081,2.085521892460629
2023-10-23,87.53971862792969,32.332000732421875,544.0,566.0668493588455,4.056406132140711
2023-10-24,88.0489273071289,32.236000061035156,544.0,567.6690452093375,4.350927428187035
2023-10-25,84.2056884765625,32.20399856567383,544.0,542.3519741841592,-0.3029459220295627
2023-10-26,84.02314758300781,32.38029861450195,531.0,544.1389218536322,2.4743732304391974
2023-10-27,82.62034606933594,32.3588981628418,533.0,534.7006729272777,0.3190755961121283
2023-10-30,82.68760681152344,32.41400146484375,532.0,536.047241662629,0.7607597110204756
2023-10-31,82.92781066894531,32.247501373291016,529.0,534.8429376861662,1.104525082451091
2023-11-01,84.35943603515625,32.40290069580078,528.0,546.6980857201852,3.5413041136714396
2023-11-02,86.93441009521484,32.376800537109375,547.0,562.9316110928078,2.9125431613908237
2023-11-03,88.19305419921875,32.159000396728516,549.0,567.240092996275,3.322421310796919
2023-11-06,88.97132110595703,32.08940124511719,550.0,571.0072844554437,3.819506264626127
2023-11-07,88.78876495361328,32.10200119018555,555.0,570.0594076431996,2.7134067825584918
2023-11-08,88.39482879638672,32.0802001953125,556.0,567.1447608036921,2.004453381959004
2023-11-09,88.02973175048828,32.215999603271484,557.0,567.1931606299652,1.8300108850924923
2023-11-10,93.62166595458984,32.253501892089844,557.0,603.9253160013934,8.424652783014984
2023-11-13,92.64163970947266,32.34579849243164,571.0,599.3135620102112,4.958592296008968
2023-11-14,95.0340576171875,32.24449920654297,572.0,612.8651190863923,7.144251588530115
2023-11-15,94.9283676147461,32.07699966430664,581.0,609.0034432222776,4.8198697456588
2023-11-16,94.67855834960938,32.00859832763672,583.0,606.1055888904724,3.9632227942491216
2023-11-17,95.67781829833984,31.836999893188477,580.0,609.2189381889505,5.037747963612138
2023-11-20,96.04291534423828,31.734699249267578,577.0,609.5786066944536,5.646205666283111
2023-11-21,94.55365753173828,31.468000411987305,585.0,595.0829068327293,1.7235738175605642
2023-11-22,94.78424835205078,31.374000549316406,577.0,594.7522119727568,3.076639856630292
2023-11-24,93.99638366699219,31.61400032043457,575.0,594.3203406735963,3.360059247581959
2023-11-27,93.40067291259766,31.63599967956543,568.0,590.964731666827,4.043086561061093
2023-11-28,94.14051055908203,31.524999618530273,575.0,593.5559118926612,3.227115111767165
2023-11-29,95.0052261352539,31.27199935913086,574.0,594.2006741631485,3.5192812130920847
2023-11-30,93.49676513671875,31.069000244140625,577.0,580.9702037718147,0.6880769101931916
2023-12-01,94.68815612792969,31.374000549316406,579.0,594.1492524742847,2.6164512045396826
2023-12-04,93.20850372314453,31.18899917602539,574.0,581.4159891639429,1.2919841749029493
2023-12-05,92.90105438232422,31.423599243164062,570.0,583.8571004355093,2.4310702518437477
2023-12-06,94.0156021118164,31.516000747680664,570.0,592.5991572899308,3.9647644368299595
2023-12-07,95.399169921875,31.489099502563477,566.0,600.8067908263765,6.149609686638957
2023-12-08,96.41761779785156,31.427000045776367,570.0,606.0232957893459,6.319876454271212
2023-12-11,96.99411010742188,31.409500122070312,574.0,609.3073026518338,6.1510980229675605
2023-12-12,97.61863708496094,31.327999114990234,578.0,611.6393152408418,5.819950733709667
2023-12-13,98.11827850341797,31.473100662231445,577.0,617.6172912285867,7.03939189403584
2023-12-14,99.86457824707031,31.156999588012695,582.0,622.2961246602063,6.923732759485612
2023-12-15,98.98611450195312,31.18429946899414,585.0,617.36252758021,5.532055996617102
2023-12-18,99.36260986328125,31.34779930114746,585.0,622.9598304064712,6.488859898542088
2023-12-19,100.27001190185547,31.375,585.0,629.1943246841431,7.5545854160928405
2023-12-20,96.57276153564453,31.270000457763672,585.0,603.9660594854213,3.2420614504993672
2023-12-21,98.99576568603516,31.309999465942383,577.0,619.9114741520636,7.436997253390576
2023-12-22,99.57498168945312,31.19300079345703,582.0,621.2084965695161,6.736855080672877
2023-12-26,100.82991790771484,31.119699478149414,586.0,627.5593487389124,7.092039033944086
2023-12-27,101.02298736572266,30.94300079345703,592.0,625.1908756429912,5.606566831586335
2023-12-28,101.07124328613281,30.845699310302734,593.0,623.5226358645014,5.147156132293662
2023-12-29,100.39552307128906,30.697999954223633,593.0,616.3883525293379,3.9440729391800877
2024-01-02,98.01110076904297,30.66860008239746,593.0,601.1726506242674,1.3781872890838764
2024-01-03,96.6982421875,30.878999710083008,578.0,597.1889984946698,3.319895933333883
2024-01-04,95.69429779052734,31.041900634765625,580.0,594.1065766654443,2.4321683905938585
2024-01-05,96.15764617919922,31.054000854492188,576.0,597.215925322962,3.683320368569798
2024-01-08,98.69650268554688,30.95199966430664,583.0,610.9708235982573,4.797739896785136
2024-01-09,98.35863494873047,30.72100067138672,586.0,604.335138059326,3.1288631500556274
2024-01-10,97.3064193725586,31.061100006103516,584.0,604.4888846733782,3.5083706632496936
2024-01-11,97.71185302734375,31.117799758911133,586.0,608.1155753154075,3.7739889616736244
2024-01-12,97.73116302490234,30.893999099731445,584.0,603.861292501408,3.400906250241098
2024-01-16,98.1462631225586,31.19499969482422,580.0,612.3345296312706,5.574918901943193
2024-01-17,99.38189697265625,31.45800018310547,581.0,625.2711466326379,7.619818697528036
2024-01-18,109.11254119873047,31.542499542236328,588.0,688.3364561626397,17.06402315691151
2024-01-19,110.24198913574219,31.58060073852539,626.0,696.3016487033456,11.230295320023242
2024-01-22,109.11254119873047,31.383800506591797,626.0,684.8732451496471,9.4046717491449
2024-01-23,110.17442321777344,31.368000030517578,628.0,691.1902621714747,10.062143657878142
2024-01-24,112.48157501220703,31.395000457763672,627.0,706.2718197996437,12.643033460868214
2024-01-25,112.52019500732422,31.29199981689453,642.0,704.1963843132253,9.687910329162808
2024-01-26,113.19593811035156,31.315000534057617,644.0,708.9461724757624,10.084809390646331
2024-01-29,112.92565155029297,31.273099899291992,648.0,706.30703642499,8.99799944830093
2024-01-30,112.03753662109375,31.184999465942383,642.0,698.7781039388617,8.843941423498713
2024-01-31,109.04496765136719,31.159099578857422,628.0,679.5486011244473,8.208375975230453
2024-02-01,109.4600601196289,31.2450008392334,628.0,684.0159340600687,8.919734722940875
2024-02-02,111.73827362060547,31.233999252319336,635.0,698.0066309442889,9.922304085714773
2024-02-05,114.67291259765625,31.3257999420166,646.0,718.444143760507,11.214263740016573
2024-02-15,124.55802154541016,31.34510040283203,697.0,780.8567382637993,12.03109587715916
2024-02-16,122.29910278320312,31.262699127197266,683.0,764.6800107674906,11.959005968885883
2024-02-20,120.98624420166016,31.402099609375,687.0,759.8444183569402,10.603263225173244
2024-02-21,120.99588012695312,31.37779998779297,681.0,759.3169051941019,11.500279764185306
2024-02-22,124.59661865234375,31.426300048828125,692.0,783.122144567594,13.167939966415322
2024-02-23,125.04065704345703,31.45400047302246,697.0,786.6057771583874,12.855922117415686
2024-02-26,126.11221313476562,31.601999282836914,698.0,797.0796138083679,14.19478707856272
2024-02-27,124.13324737548828,31.5487003326416,698.0,783.2485245533899,12.213255666674772
2024-02-29,124.21048736572266,31.647899627685547,690.0,786.2002073712589,13.942059039312893
2024-03-01,129.25921630859375,31.614900588989258,689.0,817.3034547613701,18.621691547368656
2024-03-04,133.46810913085938,31.55929946899414,725.0,842.4320051242364,16.19751794817055
2024-03-05,130.29212951660156,31.509300231933594,730.0,821.0827653593151,12.477091145111663
2024-03-06,136.66339111328125,31.54050064086914,735.0,862.0863549983594,17.290660543994484
2024-03-07,144.02896118164062,31.464000701904297,760.0,906.3454671427374,19.255982518781245
2024-03-08,141.29701232910156,31.434799194335938,784.0,888.3286418649834,13.307224727676449
2024-03-11,134.2017822265625,31.452999114990234,766.0,844.2097075204365,10.210144584913383
2024-03-12,139.39529418945312,31.362199783325195,770.0,874.3486130450037,13.551767927922565
2024-03-13,137.21363830566406,31.398799896240234,779.0,861.6687144389259,10.612158464560451
2024-03-14,134.78097534179688,31.406600952148438,784.0,846.6024617002346,7.985007869927885
2024-03-15,132.23245239257812,31.525999069213867,753.0,833.752034209657,10.724041727710087
2024-03-18,132.4398956298828,31.603700637817383,764.0,837.118162798119,9.570440156821846
2024-03-19,130.7242889404297,31.641000747680664,762.0,827.2494648208318,8.56292189249761
2024-03-20,132.54653930664062,31.73040008544922,758.0,841.1509444282856,10.969781586845073
2024-03-21,135.1635284423828,31.76219940185547,784.0,858.6181884490652,9.517626077686892
2024-03-22,136.2200164794922,31.882999420166016,785.0,868.6205412861309,10.652298253010306
2024-03-25,135.91954040527344,31.934999465942383,780.0,868.1180900507082,11.297191032142084
2024-03-26,134.572265625,31.733999252319336,782.0,854.1032353453338,9.220362576129638
2024-03-27,132.4883575439453,31.885299682617188,779.0,844.8861969492864,8.4577916494591
2024-03-28,131.8680419921875,31.979400634765625,769.0,843.4121891580522,9.676487536807832
2024-04-01,137.14083862304688,31.93400001525879,770.0,875.8911085361964,13.752092017687833
2024-04-02,135.90985107421875,32.01499938964844,790.0,870.2307598376647,10.155792384514516
2024-04-03,137.63514709472656,32.03900146484375,780.0,881.9385358763859,13.069043061075124
2024-04-08,138.40086364746094,32.11119842529297,783.0,888.8435189631069,13.51769079988594
2024-04-09,140.93063354492188,32.07279968261719,819.0,904.0079957661219,10.379486662530146
2024-04-10,141.7254180908203,31.96619987487793,815.0,906.0846084083605,11.176025571577973
2024-04-11,142.67529296875,32.18299865722656,820.0,918.3437524065375,11.99314053738263
2024-04-12,138.13916015625,32.2244987487793,818.0,890.2930387225002,8.837779794926682
2024-04-15,135.8323211669922,32.25400161743164,806.0,876.227181323932,8.71304979205112
2024-04-16,135.50277709960938,32.38880157470703,788.0,877.7545120602008,11.390166505101629
2024-04-17,134.75643920898438,32.49789810180664,804.0,875.8602059951751,8.937836566564062
2024-04-18,128.20425415039062,32.3380012512207,804.0,829.1738662254298,3.1310778887350565
2024-04-19,123.77470397949219,32.41590118408203,750.0,802.4537146576447,6.9938286210192935
2024-04-22,125.76168060302734,32.50400161743164,742.0,817.5515739463444,10.18215282295747
2024-04-23,129.3285675048828,32.58300018310547,754.0,842.7825477384729,11.77487370536776
2024-04-24,128.88272094726562,32.503501892089844,783.0,837.8279528334272,7.002292826746759
2024-04-25,132.38174438476562,32.62730026245117,766.0,863.8517846617615,12.774384420595485
2024-04-26,134.04888916015625,32.53099822998047,782.0,872.1488351999782,11.527984040917927
2024-04-29,134.24273681640625,32.558998107910156,795.0,874.1618028012105,9.957459471850383
2024-04-30,133.11834716796875,32.433998107910156,790.0,863.5120440348052,9.305322029722163
2024-05-02,132.0425262451172,32.47600173950195,772.0,857.6426624049316,11.093609119809788
2024-05-03,137.20864868164062,32.34600067138672,780.0,887.6302084752824,13.798744676318254
2024-05-06,138.43963623046875,32.27690124511719,786.0,893.6804934041575,13.699808321139617
2024-05-07,136.77249145507812,32.26300048828125,800.0,882.5381917197258,10.317273964965711
2024-05-08,139.18594360351562,32.363800048828125,802.0,900.9172096783295,12.333816668120878
2024-05-09,138.40086364746094,32.33300018310547,796.0,894.9830299310619,12.435054011439938
2024-05-10,144.6719512939453,32.33879852294922,802.0,935.703416963364,16.67124899792569
2024-05-13,141.90960693359375,32.42399978637695,819.0,920.2554129799362,12.363298288148506
2024-05-14,147.279296875,32.371498107910156,825.0,953.5302960246802,15.579429821173353
2024-05-15,150.79771423339844,32.31370162963867,839.0,974.5664688339108,16.158101172099016
2024-05-16,147.55068969726562,32.03129959106445,841.0,945.2480693122604,12.395727623336562
2024-05-17,147.01759338378906,32.12379837036133,835.0,944.5527053513215,13.120084473212156
2024-05-20,148.8301239013672,32.16400146484375,835.0,957.3944646352902,14.65801971680123
2024-05-21,148.9464111328125,32.2057991027832,841.0,959.3876388047822,14.07700818130586
2024-05-22,151.35018920898438,32.234798431396484,864.0,975.7485683410662,12.93386207651228
2024-05-23,152.26129150390625,32.223899841308594,875.0,981.2905214260333,12.14748816297524
2024-05-24,155.08184814453125,32.22079849243164,867.0,999.372195779765,15.267842650491925
2024-05-28,154.50999450683594,32.06999969482422,865.0,991.027095336304,14.569606397260571
2024-05-29,149.59584045410156,32.17380142211914,857.0,962.6133728690562,12.323614103740521
2024-05-30,148.2582550048828,32.37699890136719,838.0,960.0314718823414,14.562228148250767
2024-05-31,146.3972625732422,32.35639953613281,821.0,947.3776637631934,15.393138095395042
2024-06-03,150.1870880126953,32.46500015258789,846.0,975.1647670497769,15.267702960966535
2024-06-04,147.7833251953125,32.314300537109375,839.0,955.1029569469392,13.838254701661402
2024-06-05,157.912109375,32.328800201416016,854.0,1021.0218066737056,19.557588603478404
2024-06-06,157.08824157714844,32.25199890136719,894.0,1013.281958952779,13.342501001429419
2024-06-07,159.33692932128906,32.208900451660156,879.0,1026.413458956522,16.77058691200477
2024-06-11,160.61634826660156,32.33399963378906,883.0,1038.6737892065662,17.63010070289537
2024-06-12,167.66287231445312,32.315799713134766,909.0,1083.631960208551,19.211436766617275
2024-06-13,168.12374877929688,32.20100021362305,919.0,1082.7505740714491,17.818343206904142
2024-06-14,167.73480224609375,32.29899978637695,922.0,1083.5332683829124,17.519877264957962
2024-06-17,172.33389282226562,32.3489990234375,921.0,1114.9657861225307,21.060345941642854
2024-06-18,174.71607971191406,32.30099868774414,943.0,1128.7007723004674,19.69255273599866
2024-06-20,170.52536010742188,32.38079833984375,981.0,1104.3494594935328,12.57384908190955
2024-06-21,169.14468383789062,32.340999603271484,970.0,1094.0616305793403,12.789858822612409
2024-06-24,163.16493225097656,32.362998962402344,940.0,1056.1013066277606,12.351202832740494
2024-06-25,167.8223114013672,32.32149887084961,945.0,1084.8537296925322,14.799336475400239
2024-06-26,167.30699157714844,32.4734992980957,960.0,1086.6086947094068,13.188405698896544
2024-06-27,166.87916564941406,32.582298278808594,960.0,1087.4613503415835,13.277223993914955
2024-06-28,168.9988250732422,32.52199935913086,966.0,1099.2359361451702,13.79253997362011
2024-07-01,167.55978393554688,32.50400161743164,968.0,1089.2726976115023,12.528171240857677
2024-07-02,170.83648681640625,32.52170181274414,960.0,1111.178656595992,15.747776728749162
2024-07-03,177.43856811523438,32.57279968261719,979.0,1155.9341870375908,18.072950667782518
2024-07-05,178.89703369140625,32.50659942626953,1005.0,1163.0668425508775,15.728044034913191
2024-07-08,181.46395874023438,32.393001556396484,1035.0,1175.6324595804558,13.58767725415031
2024-07-09,179.41236877441406,32.47100067138672,1040.0,1165.139829385816,12.032675902482314
2024-07-10,185.76161193847656,32.50749969482422,1045.0,1207.7291086800165,15.57216351004942
2024-07-11,179.3929443359375,32.58689880371094,1080.0,1169.171944634989,8.256661540276756
2024-07-12,182.16403198242188,32.38679885864258,1040.0,1179.9419726188062,13.45595890565443
2024-07-15,180.09298706054688,32.54800033569336,1040.0,1172.3333206605398,12.724357755821124
2024-07-16,180.89028930664062,32.57400131225586,1055.0,1178.4641042497708,11.70275869666073
2024-07-17,166.46109008789062,32.56330108642578,1030.0,1084.1045191413257,5.252865936051032
2024-07-18,167.11253356933594,32.49079895019531,1005.0,1085.9239460518118,8.052133935503658
2024-07-19,161.18138122558594,32.638999938964844,970.0,1052.1598183968338,8.470084370807607
2024-07-22,164.6623077392578,32.78099822998047,939.0,1079.558963709022,14.969005719810657
2024-07-23,165.11927795410156,32.80849838256836,979.0,1083.4631127375992,10.670389452257334
2024-07-26,157.4573974609375,32.643001556396484,924.0,1027.9764140767045,11.252858666310006
2024-07-29,155.580810546875,32.79800033569336,944.0,1020.5478953087702,8.108887214912098
2024-07-30,150.26222229003906,32.849300384521484,940.0,987.2017752902466,5.021465456409202
2024-07-31,161.21055603027344,32.76150131225586,934.0,1056.29996858706,13.094215052147762
2024-08-01,153.80149841308594,32.57229995727539,960.0,1001.93370803789,4.368094587280202
2024-08-02,145.71176147460938,32.71649932861328,903.0,953.4357492910233,5.585354295794387
2024-08-05,143.85464477539062,32.58890151977539,815.0,937.6129703494953,15.044536239201879
2024-08-06,151.0886993408203,32.67900085449219,880.0,987.485546972556,12.214266701426823
2024-08-07,150.74838256835938,32.77799987792969,920.0,988.2460930847562,7.418053596169161
2024-08-08,159.99514770507812,32.650001525878906,896.0,1044.7683633408044,16.603611980000487
2024-08-09,162.4940185546875,32.41019821166992,934.0,1053.2926699136383,12.772234466128296
2024-08-12,162.98988342285156,32.435001373291016,940.0,1057.3154185305466,12.480363673462413
2024-08-13,167.5695037841797,32.23899841308594,941.0,1080.4545933159534,14.819829257805894
2024-08-14,165.26512145996094,32.30500030517578,948.0,1067.7779598397901,12.634805890273215
2024-08-15,169.14468383789062,31.9950008392334,943.0,1082.3568602690357,14.778033962782144
2024-08-16,169.7086181640625,32.442501068115234,969.0,1101.1544052111917,13.638225511990898
2024-08-19,170.59341430664062,32.135501861572266,973.0,1096.4209966046037,12.684583412600592
2024-08-20,167.27781677246094,31.910499572753906,973.0,1067.5837401297642,9.72083660120906
2024-08-21,166.69444274902344,31.895000457763672,958.0,1063.3438655573525,10.996228137510688
2024-08-22,161.8328399658203,31.69499969482422,951.0,1025.8583626658424,7.87154181554599
2024-08-23,166.53887939453125,32.03499984741211,949.0,1067.0145951983984,12.435679156838608
2024-08-26,164.39004516601562,31.754499435424805,950.0,1044.0247192827403,9.897338871867412
2024-08-27,165.8290557861328,31.80900001525879,942.0,1054.97128760629,11.992705690688954
2024-08-28,164.5164337158203,31.69499969482422,964.0,1042.8696632832987,8.181500340591153
2024-08-29,164.46780395507812,31.982999801635742,943.0,1052.034748254146,11.562539581563748
2024-08-30,166.94720458984375,31.857999801635742,944.0,1063.7208021413767,12.682288362433969
2024-09-03,156.04754638671875,31.930999755859375,940.0,996.5508331153542,6.016046076101511
2024-09-04,156.4169921875,31.981000900268555,889.0,1000.4743935931474,12.539301866495766
2024-09-05,159.16867065429688,31.954999923706055,902.0,1017.2469717228902,12.77682613335811
2024-09-06,152.4791259765625,32.00699996948242,918.0,976.0798760957084,6.326783888421406
2024-09-09,158.27415466308594,32.025901794433594,899.0,1013.7745067673968,12.76690842796404
2024-09-10,157.93380737304688,32.108001708984375,904.0,1014.1877914080396,12.188914978765442
2024-09-11,165.51791381835938,32.15800094604492,901.0,1064.5450458316366,18.151503421935256
2024-09-12,167.2999267578125,32.106998443603516,940.0,1074.2996976056136,14.287201872937615
2024-09-13,168.34414672851562,31.92300033569336,947.0,1074.8100505052832,13.496309451455456
2024-09-16,165.0065460205078,31.937999725341797,947.0,1053.9958042965154,11.2983953850597
2024-09-18,163.24990844726562,31.93950080871582,941.0,1042.8241165748448,10.82084129381984
2024-09-19,171.9745330810547,31.77899932861328,960.0,1093.0357142642838,13.85788690252956
2024-09-20,169.88607788085938,31.76799964904785,973.0,1079.3881724994512,10.934036228103938
2024-09-23,170.54969787597656,31.98900032043457,977.0,1091.1428680009267,11.682995701220754
2024-09-24,177.5860137939453,31.933000564575195,987.0,1134.1708557485429,14.91092763409756
2024-09-25,177.9568328857422,31.700000762939453,1005.0,1128.2463476496632,12.26331817409585
2024-09-26,182.3289337158203,31.863000869750977,1015.0,1161.9093947135902,14.47383199148673
2024-09-27,173.68238830566406,31.459999084472656,1000.0,1092.8095554170432,9.280955541704316
2024-09-30,169.48594665527344,31.575000762939453,957.0,1070.3037789895548,11.839475338511463
2024-10-01,167.9245147705078,31.579999923706055,972.0,1060.6112327282026,9.116381967922083
2024-10-04,176.79554748535156,32.018001556396484,977.0,1132.128022909991,15.87799620368382
2024-10-07,180.06483459472656,32.34000015258789,1005.0,1164.6593556538342,15.886503050132749
2024-10-08,181.56771850585938,32.12179946899414,1010.0,1166.4563687775983,15.490729581940421
2024-10-09,182.6314697265625,32.16999816894531,1020.0,1175.0508093390613,15.201059739123647
2024-10-11,186.2130584716797,32.195499420166016,1045.0,1199.0444832104608,14.74109887181443
2024-10-14,187.57931518554688,32.130001068115234,1045.0,1205.384719453589,15.347820043405648
2024-10-15,182.62168884277344,32.152000427246094,1070.0,1174.330523539451,9.750516218640271
2024-10-16,182.9632568359375,32.17100143432617,1045.0,1177.2222396195866,12.652845896611154
2024-10-17,200.88092041015625,32.1349983215332,1035.0,1291.0616080416833,24.740251984703686
2024-10-18,195.9428253173828,32.06800079345703,1085.0,1256.6989355500089,15.82478668663676
2024-10-21,197.0846405029297,32.04199981689453,1085.0,1262.9972029815194,16.40527216419534
2024-10-22,193.69825744628906,32.05099868774414,1075.0,1241.6445190458676,15.501815725196977
2024-10-23,196.02088928222656,32.013999938964844,1060.0,1255.082547503407,18.404013915415774
2024-10-24,193.16148376464844,32.00400161743164,1060.0,1236.3880877658607,16.640385638288755
2024-10-25,198.53875732421875,31.983800888061523,1065.0,1270.0048165641958,19.249278550628723
2024-10-28,189.98980712890625,32.06380081176758,1050.0,1218.359066409478,16.034196800902656
2024-10-29,192.1953582763672,32.01380157470703,1040.0,1230.5808126878692,18.325078143064346
2024-10-30,189.7946014404297,32.00299835205078,1030.0,1214.7992634252412,17.941676060703028
2024-11-01,188.3014678955078,31.86280059814453,1025.0,1199.962424778496,17.069504856438634
2024-11-04,186.94496154785156,31.922800064086914,1040.0,1193.5613260960963,14.765512124624646
2024-11-05,191.0437774658203,31.91200065612793,1050.0,1219.3178303676832,16.125507654065064
2024-11-06,188.56497192382812,31.82229995727539,1060.0,1200.1142195990542,13.218322603684364
2024-11-07,196.3429718017578,32.334598541259766,1065.0,1269.7342339215452,19.223871729722553
2024-11-08,196.3527069091797,32.034000396728516,1090.0,1257.992538205476,15.412159468392295
2024-11-11,189.37496948242188,32.23500061035156,1085.0,1220.9004513702355,12.525387223063177
2024-11-12,187.14991760253906,32.37480163574219,1050.0,1211.7882917055395,15.40840873386089
2024-11-13,182.16297912597656,32.414798736572266,1035.0,1180.955261124589,14.10195759657864
2024-11-14,183.9586944580078,32.40800094604492,1035.0,1192.3467088056611,15.202580560933443
2024-11-15,181.52867126464844,32.537200927734375,1035.0,1181.2869702165015,14.134006784203045
2024-11-18,182.9632568359375,32.46179962158203,1025.0,1187.8633163040504,15.889104029663459
2024-11-19,185.10049438476562,32.442298889160156,1040.0,1201.0171126723756,15.482414680036104
2024-11-20,183.8220672607422,32.32550048828125,1025.0,1188.4280649987982,15.94420146329738
2024-11-21,186.63267517089844,32.471500396728516,1010.0,1212.0485971708665,20.0048116010759
2024-11-22,185.50062561035156,32.50529861450195,1040.0,1205.9506457282812,15.956792858488566
2024-11-25,180.62106323242188,32.56850051879883,1030.0,1176.5114383182256,14.224411487206368
2024-11-26,179.41094970703125,32.332000732421875,1010.0,1160.1429914664477,14.865642719450278
2024-11-27,176.82479858398438,32.404998779296875,1000.0,1146.001476452686,14.60014764526858
2024-11-29,180.21119689941406,32.494300842285156,996.0,1171.1673694395693,17.587085285097317
2024-12-02,189.71653747558594,32.43899917602539,1035.0,1230.8429205697844,18.922021311090287
2024-12-03,194.098388671875,32.59149932861328,1055.0,1265.1915008168667,19.923365006338067
2024-12-04,195.85499572753906,32.4640007019043,1070.0,1271.6473437540583,18.8455461452391
2024-12-05,199.37803649902344,32.3129997253418,1075.0,1288.5004877264262,19.860510486179184
2024-12-06,198.12889099121094,32.32279968261719,1065.0,1280.8160909696016,20.26442168728655
2024-12-09,194.37161254882812,32.38800048828125,1075.0,1259.0615764278919,17.122007109571324
2024-12-10,187.31582641601562,32.37080001831055,1065.0,1212.7126314354828,13.869730651219037
2024-12-11,189.9117431640625,32.523799896240234,1045.0,1235.3303065228276,18.213426461514604
2024-12-12,187.4407196044922,32.485801696777344,1060.0,1217.8324093945557,14.889849942882606
2024-12-13,196.77064514160156,32.465999603271484,1065.0,1277.671137420542,19.969120884557935
2024-12-16,197.97482299804688,32.49829864501953,1085.0,1286.7689843970816,18.596219760099686
2024-12-17,196.4475860595703,32.41699981689453,1075.0,1273.6482722644928,18.478909047859805
2024-12-18,191.45465087890625,32.4297981262207,1085.0,1241.7671356657986,14.44858393233166
2024-12-19,190.55393981933594,32.678001403808594,1070.0,1245.3843825835036,16.3910637928508
2024-12-20,193.0700225830078,32.630001068115234,1035.0,1259.9750086209156,21.736715808784112
2024-12-23,203.0069580078125,32.61600112915039,1080.0,1324.2550343216396,22.616206881633303
2024-12-24,201.99853515625,32.608001708984375,1080.0,1317.353715917468,21.977195918284064
2024-12-26,198.79718017578125,32.70790100097656,1085.0,1300.4476976925507,19.8569306629079
2024-12-27,197.39723205566406,32.721500396728516,1090.0,1291.8267214045045,18.516212972890322
2024-12-30,196.18325805664062,32.80849838256836,1090.0,1287.295620927657,18.100515681436423
2024-12-31,193.34413146972656,32.7599983215332,1075.0,1266.7906844853073,17.84099390560998
2025-01-02,197.3482666015625,32.80099868774414,1065.0,1294.6440467652865,21.562821292515167
2025-01-03,204.2306671142578,32.86980056762695,1075.0,1342.6042595678125,24.893419494680224
2025-01-06,215.39137268066406,32.91230010986328,1125.0,1417.8050997482846,26.0271199776253
2025-01-07,206.98167419433594,32.735801696777344,1130.0,1355.1422082585516,19.924089226420506
2025-01-08,202.77195739746094,32.7244987487793,1105.0,1327.122133228148,20.101550518384425
2025-01-10,203.99574279785156,32.83100128173828,1100.0,1339.4768986530835,21.77062715028031
2025-01-13,197.1328887939453,33.09629821777344,1075.0,1304.8737752111163,21.38360699638291
2025-01-14,197.22097778320312,33.054500579833984,1090.0,1303.8081848980626,19.61542980716171
2025-01-15,202.45867919921875,32.95240020751953,1065.0,1334.2998844916933,25.286374130675426
2025-01-16,210.2809295654297,32.79600143432617,1105.0,1379.2747335278546,24.82124285319951
2025-01-17,207.06002807617188,32.84299850463867,1120.0,1360.0944384952309,21.437003437074175
2025-01-21,214.10885620117188,32.316001892089844,1120.0,1383.8284404220526,23.556110751968973
2025-01-22,218.51438903808594,32.58399963378906,1135.0,1424.0145544789266,25.463837399024357
2025-02-03,195.6056365966797,32.827999114990234,1070.0,1284.2683330165805,20.02507785201688
2025-02-04,199.7664031982422,32.98699951171875,1095.0,1317.9388489516452,20.359712233026972
2025-02-05,204.19151306152344,32.8916015625,1110.0,1343.2371780127287,21.01235837952511
2025-02-06,206.08102416992188,32.821800231933594,1115.0,1352.790041379491,21.32646111026826
2025-02-07,201.79295349121094,32.79600143432617,1125.0,1323.6003984269337,17.65336874906076
2025-02-10,203.58453369140625,32.82789993286133,1105.0,1336.650539979944,20.963849771940634
2025-02-11,204.35797119140625,32.86539840698242,1110.0,1343.2612281696406,21.014525060327994
2025-02-12,202.04750061035156,32.80329895019531,1100.0,1325.5649129322264,20.505901175656938
2025-02-13,197.59303283691406,32.85580062866211,1090.0,1298.4154585004667,19.120684266097854
2025-02-14,199.6195526123047,32.615299224853516,1060.0,1302.1302879163413,22.842479992107666
2025-02-18,198.48391723632812,32.706600189208984,1100.0,1298.346825007326,18.031529546120552
2025-02-19,196.7314910888672,32.72129821777344,1090.0,1287.4619577492122,18.115775940294697
2025-02-20,195.89935302734375,32.74620056152344,1080.0,1282.9919008212164,18.795546372334847
2025-02-21,194.078369140625,32.69329833984375,1095.0,1269.0124047249556,15.89154381049822
2025-02-24,187.62673950195312,32.77299880981445,1075.0,1229.8181820773752,14.401691356034906
2025-02-25,185.3945770263672,32.69969940185547,1055.0,1212.4693878992693,14.926008331684294
2025-02-26,190.53436279296875,32.77830123901367,1060.0,1249.0785480022896,17.837598868140535
2025-02-27,177.2884063720703,32.750301361083984,1040.0,1161.249747302325,11.658629548300482
2025-03-03,169.33888244628906,32.904998779296875,1020.0,1114.4191440365278,9.256778827110557
2025-03-04,176.2213134765625,32.88890075683594,1000.0,1159.1450580339879,15.914505803398793
2025-03-05,180.41143798828125,32.7947998046875,1020.0,1183.3113982602954,16.010921398068167
2025-03-06,172.1584014892578,32.80110168457031,1005.0,1129.3970466204453,12.377815584123919
2025-03-07,173.38217163085938,32.8578987121582,1005.0,1139.3947667881614,13.372613610762318
2025-03-10,167.06756591796875,32.82699966430664,998.0,1096.8653860611375,9.90635130873121
2025-03-11,167.38084411621094,32.866600036621094,971.0,1100.2478514719055,13.310798297827553
2025-03-12,173.45071411132812,32.86880111694336,988.0,1140.223405143409,15.407227241235733
2025-03-13,167.9878387451172,32.90629959106445,965.0,1105.5716298804502,14.567008277766869
2025-03-14,170.43533325195312,32.96839904785156,959.0,1123.796015700791,17.18415179361741
2025-03-17,172.5402374267578,32.92599868774414,970.0,1136.211926219298,17.13525012570083
2025-03-18,170.1559295654297,32.95640182495117,971.0,1121.545437531278,15.504164524333452
2025-03-19,170.7750701904297,32.97919845581055,952.0,1126.4049862230313,18.319851494015893
2025-03-20,174.4213409423828,33.003299713134766,985.0,1151.2959582976648,16.882838405854294
2025-03-21,173.69406127929688,32.987300872802734,972.0,1145.9396518478402,17.895025910271634
2025-03-24,178.0479736328125,32.974998474121094,972.0,1174.226331772469,20.805178165891867
2025-03-25,177.7924346923828,33.01129913330078,990.0,1173.8318490536185,18.56887364177964
2025-03-26,170.51954650878906,33.0452995300293,980.0,1126.9738980215393,14.997336532810124
2025-03-27,165.34988403320312,33.0885009765625,958.0,1094.2359598614275,14.220872636892224
2025-03-28,162.41128540039062,33.11140060424805,952.0,1075.5330267086392,12.976158267714212
2025-03-31,163.14837646484375,33.18579864501953,910.0,1082.8418341248296,18.99360814558566
2025-04-01,165.74302673339844,33.23910140991211,944.0,1101.829854715441,16.719264270703494
2025-04-02,167.4629669189453,33.20349884033203,942.0,1112.0712855783524,18.054276600674356
2025-04-07,143.65902709960938,33.162498474121094,848.0,952.8184533969034,12.360666674163134
2025-04-08,138.9414825439453,32.980098724365234,816.0,916.460762241797,12.311367921788863
2025-04-09,156.02291870117188,33.0806999206543,785.0,1032.2694708596216,31.49929565090721
2025-04-10,148.53382873535156,32.58810043334961,863.0,968.0870657155174,12.17694851859994
2025-04-11,154.3816375732422,32.78630065917969,889.0,1012.320557146566,13.871828700401135
2025-04-14,153.1629180908203,32.36199951171875,865.0,991.3316560937092,14.604815733376775
2025-04-15,154.6273193359375,32.3568000793457,877.0,1000.6490517116151,14.099093695737185
2025-04-16,149.06454467773438,32.50400161743164,855.0,969.0388402613578,13.337876053959974
2025-04-17,149.1333465576172,32.37879943847656,847.0,965.7517435555812,14.020276688970634
2025-04-22,148.79917907714844,32.44060134887695,816.0,965.426969896385,18.312128663772675
2025-04-23,155.09909057617188,32.57360076904297,873.0,1010.4271712139714,15.741944010764186
2025-04-24,161.35963439941406,32.532798767089844,864.0,1049.8961030094652,21.51575266313255
2025-04-25,162.26385498046875,32.43560028076172,888.0,1052.625108032394,18.538863517161495
2025-04-28,160.59304809570312,32.51900100708008,897.0,1044.4650985508458,16.439810317820047
2025-04-29,161.6544952392578,32.425899505615234,902.0,1048.358483451826,16.225995948096017
2025-04-30,163.82655334472656,32.32170104980469,908.0,1059.0305762456264,16.633323375068997
2025-05-02,176.20025634765625,32.11159896850586,950.0,1131.6143939967733,19.117304631239286
2025-05-05,173.36972045898438,30.704299926757812,938.0,1064.6391790381633,13.500978575497147
2025-05-06,169.3205108642578,29.15999984741211,920.0,987.4772141930996,7.334479803597782
2025-05-07,171.5416717529297,29.97760009765625,928.0,1028.4815271785483,10.82775077355047
2025-05-08,172.2100067138672,30.39069938659668,918.0,1046.7165090809867,14.021406217972409
2025-05-09,173.48765563964844,30.268999099731445,949.0,1050.2595384742076,10.670130503077724
2025-05-12,183.76797485351562,30.246400833129883,957.0,1111.6639655423933,16.161333912475783
2025-05-13,190.65757751464844,30.39310073852539,969.0,1158.9349919931847,19.601134364621743
2025-05-14,191.41433715820312,30.424999237060547,999.0,1164.756212400156,16.592213453469085
2025-05-15,190.8836212158203,30.33970069885254,993.0,1158.2703872002253,16.643543524695392
2025-05-16,190.8836212158203,30.16699981689453,998.0,1151.6772332531632,15.398520366048407
2025-05-19,190.1759796142578,30.202600479125977,984.0,1148.761826603167,16.744088069427555
2025-05-20,190.1268310546875,30.14579963684082,978.0,1146.3050709124188,17.209107455257545
2025-05-21,188.4658660888672,30.146299362182617,990.0,1136.3096837336022,14.778755932687094
2025-05-22,192.8197784423828,30.0221004486084,982.0,1157.7709513751265,17.899282217426315
2025-05-23,188.68209838867188,30.046899795532227,984.0,1133.8624206990353,15.229920802747499
2025-05-27,194.2841796875,29.915000915527344,965.0,1162.4022826448083,20.456195092726247
2025-05-28,192.7706298828125,29.964799880981445,967.0,1155.2666694738436,19.469148859756324
2025-05-29,193.76327514648438,29.950000762939453,967.0,1160.6420476933708,20.02503078525035
2025-06-02,191.49295043945312,29.871000289916992,946.0,1144.0171956187928,20.932050276827987
2025-06-03,194.2153778076172,29.987300872802734,950.0,1164.7989936884144,22.610420388254138
2025-06-04,198.923095703125,29.965900421142578,990.0,1192.1819354610518,20.42241772333857
2025-06-05,199.84695434570312,29.941999435424805,998.0,1196.763478838082,19.916180244296775
2025-06-06,201.6553192138672,29.94529914855957,995.0,1207.7257717515051,21.379474547889956
2025-06-09,203.44406127929688,29.917699813842773,1005.0,1217.3156708526076,21.1259373982694
2025-06-10,208.81028747558594,29.913799285888672,1045.0,1249.2618056746783,19.54658427508884
2025-06-11,210.422119140625,29.888900756835938,1065.0,1257.8571672074497,18.10865419788261
2025-06-12,212.50344848632812,29.8075008392334,1045.0,1266.8393438192434,21.228645341554397
2025-06-13,208.23226928710938,29.52519989013672,1030.0,1229.6198748557363,19.380570374343332
2025-06-16,212.7500457763672,29.5049991607666,1025.0,1255.437984416954,22.4817545772638
2025-06-17,210.99423217773438,29.0049991607666,1045.0,1223.9775054483557,17.12703401419673
2025-06-18,210.5996551513672,29.6471004486084,1055.0,1248.7338261429745,18.36339584293598
2025-06-20,206.66384887695312,29.571300506591797,1055.0,1222.263755797851,15.85438443581526
2025-06-23,207.46287536621094,29.533000946044922,1020.0,1225.4002588919016,20.137280283519754
2025-06-24,217.10011291503906,29.673900604248047,1050.0,1288.4414343623794,22.708708034512327
2025-06-25,219.71414184570312,29.458099365234375,1070.0,1294.4722044875846,20.97871069977426
2025-06-26,220.9668731689453,29.341899871826172,1075.0,1296.7175735027413,20.624890558394537
2025-06-27,225.46493530273438,28.819000244140625,1080.0,1299.5348051069304,20.32729676916023
2025-06-30,223.41319274902344,29.094999313354492,1060.0,1300.0413379254344,22.645409238248536
2025-07-01,221.62777709960938,29.206600189208984,1085.0,1294.5987753142836,19.317859475970845
2025-07-02,230.42662048339844,29.225900650024414,1085.0,1346.8851034737368,24.13687589619693
2025-07-03,231.61029052734375,28.96809959411621,1090.0,1341.8619926036567,23.106604826023556
2025-07-07,226.05677795410156,28.900999069213867,1080.0,1306.653345848195,20.986420911869907
2025-07-08,224.76458740234375,29.068300247192383,1080.0,1306.7049023095285,20.99119465828967
2025-07-09,228.6905059814453,29.107099533081055,1090.0,1331.3034639745194,22.13793247472655
2025-07-10,226.63877868652344,29.20560073852539,1100.0,1323.8243364371242,20.347666948829477
2025-07-11,227.2700653076172,29.243000030517578,1100.0,1329.2117053452762,20.837427758661462
2025-07-14,225.56358337402344,29.21299934387207,1095.0,1317.877762621356,20.354133572726575
2025-07-15,233.7310791015625,29.346099853515625,1110.0,1371.8191172368824,23.587307859178598
2025-07-16,234.3328094482422,29.388099670410156,1130.0,1377.3191920224344,21.886654161277374
2025-07-17,242.26358032226562,29.400999069213867,1130.0,1424.5582599118702,26.067102647068154
2025-07-18,237.13421630859375,29.403200149536133,1155.0,1394.5009648849955,20.736014275757174
2025-07-21,235.60528564453125,29.378000259399414,1150.0,1384.3224285561823,20.37586335271151
2025-07-22,231.4130401611328,29.333599090576172,1130.0,1357.6354688836145,20.14473175961191
2025-07-23,237.065185546875,29.39900016784668,1145.0,1393.8958859366364,21.737631959531555
2025-07-24,238.31793212890625,29.23419952392578,1145.0,1393.4067955971695,21.69491664604102
2025-07-25,242.26358032226562,29.391000747680664,1145.0,1424.0738140775006,24.37325887139743
2025-07-28,239.4523162841797,29.472000122070312,1145.0,1411.4277389514725,23.268798161700666
2025-07-29,238.05160522460938,29.656999588012695,1135.0,1411.9792716144002,24.403460054132186
2025-07-30,239.61013793945312,29.68950080871582,1155.0,1422.7810768259806,23.184508816102213
2025-07-31,238.337646484375,29.827999114990234,1160.0,1421.8270216809585,22.571294972496414
2025-08-01,232.01475524902344,29.9060001373291,1140.0,1387.7266604679346,21.73040881297672
2025-08-04,235.7532501220703,29.815000534057617,1135.0,1405.796655659069,23.858736181415786
2025-08-05,229.3119659423828,29.88409996032715,1150.0,1370.5563424642605,19.178812388196565
2025-08-06,228.22689819335938,29.937400817871094,1125.0,1366.504025726812,21.46702450904996
2025-08-07,239.3240509033203,29.91469955444336,1180.0,1431.8614157850272,21.344187778392133
2025-08-08,238.54478454589844,29.8080997467041,1175.0,1422.1133463600358,21.03092309447114
2025-08-11,238.80126953125,29.85099983215332,1180.0,1425.6913313390687,20.821299266022763
2025-08-12,240.97137451171875,29.947999954223633,1180.0,1443.3221425692318,22.315435810951854
2025-08-13,238.1601104736328,29.87809944152832,1200.0,1423.1542927473142,18.59619106227619
2025-08-14,237.72607421875,29.939699172973633,1175.0,1423.4894295362756,21.14803655627877
2025-08-15,235.63487243652344,30.07900047302246,1180.0,1417.5322878957552,20.129854906419943
2025-08-18,238.13052368164062,29.98900032043457,1180.0,1428.2592701987946,21.038921203287675
2025-08-19,229.538818359375,30.025100708007812,1185.0,1378.3852275274694,16.319428483330746
2025-08-20,225.49453735351562,30.1072998046875,1135.0,1357.8063280843198,19.63051348760527
2025-08-21,224.2417755126953,30.280099868774414,1150.0,1358.0126714551413,18.088058387403592
2025-08-22,229.82489013671875,30.516000747680664,1135.0,1402.6673038495471,23.58302236559886
2025-08-25,232.3895721435547,30.367300033569336,1170.0,1411.4087723912264,20.633228409506522
2025-08-26,235.47703552246094,30.444000244140625,1175.0,1433.7725853870622,22.023198756345728
2025-08-27,236.039306640625,30.546600341796875,1190.0,1442.0396729812026,21.17980445220189
2025-08-28,235.03317260742188,30.575000762939453,1160.0,1437.2278863576007,23.898955720482817
2025-08-29,227.73367309570312,30.492799758911133,1160.0,1388.8474584137207,19.728229173596603
2025-09-02,225.28738403320312,30.62529945373535,1160.0,1379.8987198331045,18.956786192509
2025-09-03,228.24661254882812,30.743999481201172,1160.0,1403.4427475574194,20.986443754949935
2025-09-04,232.01475524902344,30.722000122070312,1160.0,1425.5914678165223,22.895816191079497
2025-09-05,240.10333251953125,30.694000244140625,1180.0,1473.946349394694,24.910707575821522
2025-09-08,243.8319854736328,30.479000091552734,1180.0,1486.3510215148679,25.961950975836267
2025-09-09,247.5113067626953,30.331100463867188,1200.0,1501.4580622724723,25.121505189372684
2025-09-10,256.9020080566406,30.351600646972656,1225.0,1559.4774307881016,27.30428006433483
2025-09-11,255.3927764892578,30.236799240112305,1240.0,1544.4520220161126,24.552582420654232
2025-09-12,255.80703735351562,30.290000915527344,1260.0,1549.6790791272651,22.99040310533851
2025-09-15,257.8292236328125,30.284900665283203,1255.0,1561.666485265363,24.435576515168368
2025-09-16,259.31549072265625,30.19409942626953,1280.0,1565.9595419303514,22.340589213308704
2025-09-17,260.037841796875,30.047199249267578,1265.0,1562.6817689640447,23.5321556493316
2025-09-18,265.82659912109375,30.08639907836914,1285.0,1599.5530293605757,24.478834969694606
2025-09-19,262.0960693359375,30.11050033569336,1265.0,1578.3687567447312,24.77223373476136
2025-09-22,269.7747802734375,30.215999603271484,1295.0,1630.3029307429679,25.89211820409019
2025-09-23,279.7492370605469,30.21769905090332,1340.0,1690.675651043083,26.16982470470768
2025-09-24,277.7701721191406,30.27400016784668,1340.0,1681.8428474715329,25.510660259069628
2025-09-25,273.7626037597656,30.364099502563477,1320.0,1662.5109881284764,25.947802130945185
2025-09-26,270.4971618652344,30.561500549316406,1300.0,1653.359832186578,27.181525552813678
2025-09-30,276.3650817871094,30.458200454711914,1305.0,1683.516611950926,29.005104364055633
2025-10-01,285.4488830566406,30.442100524902344,1325.0,1737.9327185462694,31.164733475190133
2025-10-02,285.0926513671875,30.44700050354004,1365.0,1736.0432199464644,27.182653475931453
2025-10-03,289.12994384765625,30.46380043029785,1400.0,1761.5993815596448,25.828527254260347
2025-10-07,290.9506530761719,30.510499954223633,1435.0,1775.4099774723757,23.721949649642895
2025-10-08,301.330810546875,30.536699295043945,1415.0,1840.3296700003557,30.058633922286624
2025-10-09,296.7394104003906,30.524999618530273,1440.0,1811.5940778549643,25.80514429548364
2025-10-13,299.7179260253906,30.665000915527344,1415.0,1838.170095193712,29.906013794608622
2025-10-14,292.8406677246094,30.69099998474121,1425.0,1797.5145857335185,26.14137443743989
2025-10-15,301.5188293457031,30.683900833129883,1465.0,1850.3547717929935,26.304079985869855
2025-10-16,296.6997985839844,30.609800338745117,1485.0,1816.3843190403306,22.31544235961822
2025-10-17,291.9896545410156,30.611900329589844,1450.0,1787.6716404161882,23.287699339047464
2025-10-20,294.5822448730469,30.62190055847168,1480.0,1804.133641758759,21.900921740456702
2025-10-21,291.4256286621094,30.597299575805664,1480.0,1783.3674528484116,20.49780086813593
2025-10-22,285.8546447753906,30.67729949951172,1460.0,1753.8497102202382,20.126692480838226
2025-10-23,287.68524169921875,30.745100021362305,1450.0,1768.982306142454,21.998779733962337
2025-10-27,295.12646484375,30.83329963684082,1480.0,1819.9445442577824,22.969225963363684
2025-10-28,298.3721618652344,30.60110092163086,1475.0,1826.1033274886431,23.803615422958856
2025-10-29,301.89483642578125,30.543100357055664,1505.0,1844.1608572459081,22.535605132618475
2025-10-30,300.04443359375,30.665199279785156,1505.0,1840.1844697885215,22.271393341430002
2025-10-31,297.28363037109375,30.73069953918457,1500.0,1827.1467845704174,21.809785638027822
2025-11-03,301.6672058105469,30.78179931640625,1510.0,1857.1718779202552,22.991515094056638
2025-11-04,290.9704895019531,30.903099060058594,1505.0,1798.3779721265194,19.49355296521724
2025-11-05,290.5647277832031,30.91900062561035,1460.0,1796.7942000218318,23.06809589190628
2025-11-06,286.2108154296875,30.892900466918945,1465.0,1768.376446725009,20.70828987884019
2025-11-07,283.4995422363281,30.97879981994629,1460.0,1756.4951135971235,20.307884492953665
2025-11-10,292.17767333984375,30.966800689697266,1475.0,1809.5615552588831,22.682139339585294
2025-11-11,288.12066650390625,30.966800689697266,1465.0,1784.43505084184,21.804440330501016
2025-11-12,287.57635498046875,30.96430015563965,1475.0,1780.9201146560022,20.740346756339136
2025-11-13,279.24462890625,31.06410026550293,1460.0,1734.8966301893815,18.828536314341203
2025-11-14,281.83709716796875,31.124900817871094,1430.0,1754.430339229945,22.687436309786357
2025-11-17,279.0565490722656,30.554500579833984,1445.0,1705.2866980870022,18.01292028283752
2025-11-18,274.99951171875,31.174999237060547,1405.0,1714.6219136048107,22.03714687578724
2025-11-19,279.4128112792969,31.103200912475586,1395.0,1738.126561347919,24.5968861181304
2025-11-20,274.59375,31.183000564575195,1455.0,1712.531412255764,17.69975341964014
2025-11-21,272.1793518066406,31.352100372314453,1385.0,1706.6788714226568,23.225911294054647
2025-11-24,281.6590270996094,31.338600158691406,1375.0,1765.359926272137,28.389812819791782
2025-11-25,281.6986083984375,31.42609977722168,1415.0,1770.5377149267588,25.126340277509463
2025-11-26,286.9233093261719,31.388099670410156,1440.0,1801.1954861787613,25.083019873525082
2025-11-28,288.45709228515625,31.314699172973633,1440.0,1806.5894138440722,25.457598183616128
2025-12-01,284.6671447753906,31.37689971923828,1410.0,1786.3944909958634,26.694644751479668
2025-12-02,289.0309753417969,31.395999908447266,1430.0,1814.8832950738956,26.914915739433255
2025-12-03,292.3558349609375,31.402000427246094,1450.0,1836.1116108702495,26.628386956568928
2025-12-04,289.8622131347656,31.314699172973633,1445.0,1815.3896011855104,25.632498351938438
2025-12-05,291.6334533691406,31.364999771118164,1460.0,1829.416639634699,25.302509564020493
2025-12-08,298.7085876464844,31.27400016784668,1495.0,1868.3624840386794,24.974079199911657
2025-12-09,300.2324523925781,31.16469955444336,1480.0,1871.3308350616833,26.441272639302916
2025-12-10,306.8919677734375,31.150999069213867,1505.0,1911.9982804919127,27.04307511574171
2025-12-11,302.4717102050781,31.07699966430664,1470.0,1879.9826473010937,27.889976006877127
2025-12-12,289.76165771484375,31.180099487304688,1480.0,1806.9594630310312,22.091855610204814
2025-12-15,285.4952087402344,31.320100784301758,1450.0,1788.3477422358817,23.33432705075047
2025-12-16,284.6319885253906,31.328699111938477,1435.0,1783.4299852289375,24.280835207591455
2025-12-17,274.7992858886719,31.4689998626709,1430.0,1729.5317379785351,20.946275383114354
2025-12-18,282.4590759277344,31.632099151611328,1430.0,1786.9546992037212,24.961867077183307
2025-12-19,286.6957702636719,31.51409912109375,1430.0,1806.9917843375356,26.363061841785694
2025-12-22,290.9919738769531,31.5039005279541,1465.0,1833.47643989051,25.151975419147444
2025-12-23,294.63336181640625,31.53219985961914,1490.0,1858.0876100212802,24.703866444381227
2025-12-24,296.4689025878906,31.489500045776367,1495.0,1867.1315043225302,24.891739419567237
2025-12-26,300.4773864746094,31.570199966430664,1510.0,1897.2262352787773,25.644121541640885
2025-12-29,298.5723876953125,31.3799991607666,1530.0,1873.8402550613973,22.473219285058654
2025-12-30,297.2427978515625,31.317800521850586,1520.0,1861.7981299343985,22.486719074631488
2025-12-31,301.51922607421875,31.243600845336914,1550.0,1884.1092693315586,21.5554367310683
2026-01-02,317.1165466308594,31.303499221801758,1585.0,1985.3715141359135,25.26003243759707
2026-01-05,319.7359619140625,31.358699798583984,1670.0,2005.3008088949136,20.077892748198423
2026-01-06,324.87554931640625,31.474599838256836,1705.0,2045.0655823935522,19.94519544830218
2026-01-07,316.1938171386719,31.49209976196289,1675.0,1991.5214466893813,18.896802787425738
2026-01-08,315.529052734375,31.449100494384766,1685.0,1984.6209776682779,17.781660395743494
2026-01-09,321.1051940917969,31.5447998046875,1680.0,2025.8398127742112,20.585703141322085
2026-01-12,329.18170166015625,31.593299865722656,1690.0,2079.987242171634,23.07616817583633
2026-01-13,328.6260681152344,31.569900512695312,1710.0,2074.9384552552365,21.341430131885165
2026-01-14,324.55804443359375,31.616899490356445,1710.0,2052.303813928715,20.017766896416077
2026-01-15,338.9747314453125,31.510700225830078,1690.0,2136.2662293409,26.406285759816562
2026-01-16,339.728759765625,31.564199447631836,1740.0,2144.6532662677578,23.25593484297459
2026-01-20,324.607666015625,31.548999786376953,1775.0,2048.209437156655,15.39208096657212
2026-01-21,323.5757751464844,31.682300567626953,1740.0,2050.3249929187587,17.83476970797464
2026-01-22,324.8160400390625,31.639999389648438,1760.0,2055.435861716792,16.7861285066359
2026-01-23,332.25750732421875,31.583999633789062,1770.0,2098.8041979303584,18.57650835764737
2026-01-26,330.1143798828125,31.370800018310547,1755.0,2071.1904388944617,18.016549224755664
2026-01-27,335.700439453125,31.440500259399414,1780.0,2110.9179507412946,18.590896109061482
2026-01-28,339.6295471191406,31.110300064086914,1820.0,2113.195424301282,16.10963869787263
2026-01-29,336.9010009765625,31.26959991455078,1805.0,2106.951902269758,16.728637244861954
2026-01-30,327.98114013671875,31.3617000579834,1775.0,2057.209228328639,15.899111455134584
2026-02-02,338.6968688964844,31.58300018310547,1765.0,2139.412654474983,21.21318155665626
2026-02-03,333.1306457519531,31.57710075378418,1800.0,2103.859993016522,16.881110723140115
2026-02-04,323.19873046875,31.573200225830078,1785.0,2040.8836459647864,14.335218261332571
2026-02-05,328.1498107910156,31.657100677490234,1765.0,2077.6543195021104,17.71412575082778
2026-02-06,346.12847900390625,31.648799896240234,1780.0,2190.9101940769237,23.084842363872117
2026-02-09,352.63726806640625,31.575000762939453,1815.0,2226.9044016475323,22.694457391048605
2026-02-10,359.0865478515625,31.561199188232422,1880.0,2266.6404125115832,20.565979388914002
2026-02-11,371.1715393066406,31.478700637817383,1915.0,2336.7995542223216,22.02608638236667
2026-02-23,367.15313720703125,31.51099967956543,1900.0,2313.872477776441,21.782761988233744
2026-02-24,382.7405700683594,31.434799194335938,1965.0,2406.274592724908,22.456722276076736
2026-02-25,384.70513916015625,31.377099990844727,2015.0,2414.1863236840118,19.81073566670033
2026-02-26,373.8703308105469,31.269100189208984,1995.0,2338.1177663775393,17.19888553270874
2026-03-02,366.2303466796875,31.375,1975.0,2298.0954254150392,16.35926204633109
2026-03-03,350.37506103515625,31.53499984741211,1935.0,2209.815499256132,14.20235138274586
2026-03-04,354.6514587402344,31.733999252319336,1865.0,2250.901825299312,20.69178687931967
2026-03-05,351.099365234375,31.6299991607666,1900.0,2221.0545255417937,16.897606607462823
2026-03-06,336.24615478515625,31.905899047851562,1890.0,2145.647173960693,13.526305500565773
2026-03-09,345.9796447753906,31.80229949951172,1810.0,2200.5896567763293,21.579539048415985
2026-03-10,344.3821716308594,31.802000045776367,1850.0,2190.408367593831,18.400452302369242
2026-03-11,351.79388427734375,31.77389907836914,1940.0,2235.5726750831586,15.235704901193747
2026-03-12,334.0831604003906,31.811500549316406,1885.0,2125.5373281188777,12.760600961213676
2026-03-13,335.670654296875,31.89579963684082,1865.0,2141.2967866840772,14.814841109065814
2026-03-16,337.5757141113281,32.16310119628906,1845.0,2171.4963708744385,17.696280264197206
2026-03-17,344.2481384277344,31.94499969482422,1870.0,2199.401335403556,17.615044673986958
2026-03-18,337.8702392578125,31.885000228881836,1905.0,2154.5985312135426,13.102285103073097
2026-03-19,337.0941467285156,32.03120040893555,1850.0,2159.5060341080416,16.730055897731976
2026-03-20,327.5919189453125,31.802099227905273,1840.0,2083.622142511746,13.2403338321601
2026-03-23,336.7558288574219,32.02170181274414,1810.0,2156.6989470751723,19.154637959954268
2026-03-24,341.5318298339844,31.86199951171875,1810.0,2176.3773990813643,20.241845253114054
2026-03-25,346.00927734375,31.925800323486328,1845.0,2209.324619710073,19.74659185420449
2026-03-26,324.4775695800781,31.93589973449707,1840.0,2072.496625640534,12.635686176115989
2026-03-27,325.10443115234375,31.93000030517578,1820.0,2076.116917181667,14.072358086904767
2026-03-30,314.91571044921875,31.976999282836914,1780.0,2014.011889437749,13.146735361671302
2026-03-31,336.2583312988281,32.03900146484375,1760.0,2154.6762338098138,22.42478601192124
2026-04-01,339.7806091308594,31.93790054321289,1855.0,2170.375860186736,17.001394080147513
2026-04-02,337.3428955078125,32.00199890136719,1810.0,2159.1293942850084,19.28891681132643
2026-04-07,343.5914611816406,31.913999557495117,1860.0,2193.075548021996,17.9072875280643
2026-04-08,364.06842041015625,31.893999099731445,1950.0,2322.3195745604344,19.09331151591971
2026-04-09,363.66046142578125,31.720399856567383,1955.0,2307.091049689916,18.009772362655553
2026-04-10,368.7449035644531,31.725799560546875,2000.0,2339.7453798918054,16.987268994590266
2026-04-13,367.7200622558594,31.767000198364258,1990.0,2336.2726581248803,17.400636086677412
2026-04-14,377.9884033203125,31.641199111938477,2055.0,2392.0012662923427,16.399088384055617
2026-04-15,373.2223815917969,31.517000198364258,2080.0,2352.5699749325286,13.104325717910026
2026-04-16,361.53118896484375,31.586999893188477,2085.0,2283.9371254433645,9.541348942127792
2026-04-17,368.6454162597656,31.558000564575195,2030.0,2326.7424508907484,14.617854723682179
2026-04-20,364.4067077636719,31.468000411987305,2025.0,2293.430086007633,13.2558067164263
2026-04-21,366.2375183105469,31.41900062561035,2050.0,2301.363363384211,12.261627482156623
2026-04-22,385.5006103515625,31.48200035095215,2050.0,2427.2660700760316,18.40322293053813
2026-04-23,380.7445068359375,31.466800689697266,2080.0,2396.162302060705,15.200110675995425
2026-04-24,400.4454345703125,31.530000686645508,2185.0,2525.2089653932026,15.570204365821638
2026-04-27,402.95281982421875,31.440000534057617,2265.0,2533.767374094692,11.866109231553734
2026-04-28,390.3760681152344,31.455699920654297,2215.0,2455.910490967543,10.87632013397486
2026-04-29,391.8586120605469,31.51300048828125,2180.0,2469.728126640245,13.29028103854335
2026-04-30,394.07745361328125,31.62649917602539,2135.0,2492.6580523981247,16.75213360178569
2026-05-04,399.59967041015625,31.554000854492188,2275.0,2521.7936683153735,10.848073332543894
2026-05-05,392.4356994628906,31.597999572753906,2250.0,2480.03661279236,10.223849457438217
2026-05-06,417.400146484375,31.545000076293945,2250.0,2633.3775305389427,17.03900135728633
2026-05-07,412.076904296875,31.398500442504883,2310.0,2587.7193723822943,12.022483652913163
2026-05-08,409.6192626953125,31.392099380493164,2290.0,2571.761720539117,12.30400526371691
2026-05-11,402.5150146484375,31.301000595092773,2235.0,2519.824542608904,12.743827409794362
2026-05-12,395.2913513183594,31.3518009185791,2255.0,2478.619150273863,9.916592029883065
2026-05-13,397.7987365722656,31.501100540161133,2220.0,2506.2195991024028,12.89277473434247
2026-05-14,415.6290588378906,31.55900001525879,2270.0,2623.3674948413973,15.566849993013099
2026-05-15,402.3259582519531,31.56439971923828,2265.0,2539.8354727380442,12.134016456425801
2026-05-18,393.968017578125,31.586999893188477,2240.0,2488.853545831982,11.109533296070628
2026-05-19,390.64471435546875,31.554100036621094,2205.0,2465.288479109947,11.804466172786698
2026-05-20,399.609619140625,31.72920036315918,2185.0,2535.858734551724,16.057607988637244
2026-05-21,405.1119384765625,31.59119987487793,2230.0,2559.5944440224675,14.780019911321407
2026-05-22,402.4950866699219,31.550800323486328,2255.0,2539.8084221414056,12.63008523908673
2026-05-26,410.2560729980469,31.448400497436523,2270.0,2580.379458029626,13.673103877957104
2026-05-27,420.61395263671875,31.445899963378906,2300.0,2645.31685556313,15.01377632883174
2026-05-28,422.7332763671875,31.465900421142578,2295.0,2660.3366357746536,15.91880765902629
2026-05-29,416.35540771484375,31.423999786376953,2355.0,2616.7104486176277,11.112970217309037
2026-06-01,433.44940185546875,31.412900924682617,2355.0,2723.1806232697563,15.633996741815558
2026-06-02,444.45404052734375,31.33049964904785,2380.0,2784.9934321519686,17.016530762687765
2026-06-03,434.50408935546875,31.478200912475586,2425.0,2735.481404404738,12.803356882669604
2026-06-04,442.6929016113281,31.50550079345703,2385.0,2789.452312594699,16.958168242964323
2026-06-05,413.091796875,31.503000259399414,2365.0,2602.726196821779,10.051847645741185
2026-06-08,424.66357421875,31.58810043334961,2295.0,2682.863126561418,16.90035409853674
2026-06-09,425.7779846191406,31.582000732421875,2305.0,2689.3841244181617,16.676100842436515
2026-06-10,406.70391845703125,31.5408992767334,2255.0,2565.561465501203,13.772127073224084
2026-06-11,419.94342041015625,31.649799346923828,2250.0,2658.2249986084644,18.143333271487315
2026-06-12,422.7957458496094,31.57900047302246,2310.0,2670.29341163534,15.597117386811243
2026-06-15,440.2190246582031,31.613000869750977,2375.0,2783.32888188014,17.192795026532217
2026-06-16,424.690673828125,31.518600463867188,2400.0,2677.131133823842,11.547130575993414
2026-06-17,430.9937744140625,31.563899993896484,2385.0,2720.76887871949,14.078359694737541
2026-06-18,460.8835754394531,31.638399124145508,2410.0,2916.3237019033286,21.009282236652638
2026-06-22,466.4187316894531,31.70199966430664,2510.0,2957.2812950890743,17.81997191589937
2026-06-23,435.2224426269531,31.687000274658203,2490.0,2758.1787318115357,10.770230193234376
2026-06-24,439.6505432128906,31.70210075378418,2390.0,2787.5691634782006,16.634693032560687
2026-06-25,433.826171875,31.808000564575195,2390.0,2759.8286239854992,15.474001003577364
2026-06-26,431.1932373046875,31.860000610351562,2340.0,2747.563360741362,17.417237638519744
2026-06-29,453.88238525390625,31.847000122070312,2370.0,2890.9584757173434,21.981370283432213
2026-06-30,476.2922668457031,31.86590003967285,2410.0,3035.4963529948727,25.95420551845944
2026-07-01,443.0414733886719,31.834400177001953,2505.0,2820.7919117727083,12.60646354382069
2026-07-02,432.9983825683594,31.894800186157227,2465.0,2762.0793785894175,12.051901768333373
2026-07-06,450.58123779296875,31.92799949645996,2460.0,2877.2315066736423,16.96063035258708
2026-07-07,431.41265869140625,32.054901123046875,2440.0,2765.7780235167593,13.3515583408508
2026-07-08,435.81085205078125,32.13589859008789,2465.0,2801.0346691927407,13.632238101125393
2026-07-09,435.7908935546875,32.10919952392578,2415.0,2798.5793503714726,15.883202913932614
2026-07-13,420.4520263671875,32.099098205566406,2440.0,2699.2261770179493,10.624023648276616
2026-07-14,419.2652587890625,32.1619987487793,2420.0,2696.8817457160912,11.441394451078146
2026-07-15,418.357666015625,32.1338996887207,2440.0,2688.6926547506823,10.19232191601156
2026-07-16,408.6437072753906,32.210899353027344,2470.0,2632.556265259115,6.581225314134209
2026-07-17,397.30413818359375,32.26430130004883,2290.0,2563.7480844223405,11.95406482193626
2026-07-20,401.2236328125,32.3129997253418,2320.0,2592.94782737419,11.764992559232335
2026-07-21,423.47393798828125,32.275901794433594,2410.0,2733.6006470023653,13.42741273868735
2026-07-22,420.0830383300781,32.325401306152344,2400.0,2715.8705591855105,13.16127329939627
2026-07-23,414.46807861328125,32.37910079956055,2405.0,2684.0207391239237,11.601693934466685
2026-07-24,402.3306579589844,32.29899978637695,2350.0,2598.975567094027,10.594704982724569
2026-07-27,398.022216796875,32.32229995727539,2350.0,2572.998696193658,9.489306221006721
2026-07-28,391.2603454589844,32.301998138427734,2280.0,2527.698190131341,10.863955707514972
2026-07-29,373.6675720214844,32.363800048828125,2200.0,2418.6605171268807,9.939114414858219
2026-07-30,402.2309265136719,32.348899841308594,2205.0,2602.3455909735058,18.020208207415234
2026-07-31,403.1684265136719,32.39500045776367,2425.0,2612.128272293252,7.716629785288731
2026-08-03,405.0234375,32.29309844970703,2370.0,2615.8923483252524,10.375204570685748
2026-08-04,416.0538635253906,32.395999908447266,2320.0,2695.696184935537,16.193801074807634
2026-08-05,412.892333984375,32.39509963989258,2405.0,2675.1376599943264,11.23233513489923
2026-08-06,417.08111572265625,32.264801025390625,2365.0,2691.407842047885,13.801600086591325
2026-08-07,418.9161682128906,32.2067985534668,2370.0,2698.389728084556,13.856106670234425
2026-08-10,417.3503723144531,32.23509979248047,2380.0,2690.6661799970548,13.053200840212376
2026-08-11,420.9307556152344,32.22710037231445,2395.0,2713.075542201265,13.280815958299153
2026-08-12,428.0018005371094,32.20909881591797,2415.0,2757.1104573781136,14.166064487706564
2026-08-13,429.33819580078125,32.202301025390625,2435.0,2765.135564574972,13.557928729978297
2026-08-14,425.20928955078125,32.12409973144531,2395.0,2731.893124853261,14.066518783017145
2026-08-17,429.8169250488281,31.99020004272461,2400.0,2749.9858828121564,14.58274511717319
2026-08-18,412.3039245605469,31.850299835205078,2380.0,2626.4007240970386,10.352971600715911
2026-08-19,410.9874267578125,31.881900787353516,2350.0,2620.6120729484596,11.515407359508911
2026-08-20,414.886962890625,31.815099716186523,2375.0,2639.9340190622024,11.155116592092739
2026-08-21,417.8291015625,31.838300704956055,2410.0,2660.5937157657,10.398079492352696
2026-08-24,409.022705078125,31.82200050354004,2375.0,2603.1841453910806,9.607753490150772
2026-08-25,416.293212890625,31.812000274658203,2400.0,2648.6239605629817,10.35933169012424
2026-08-26,416.57244873046875,31.841899871826172,2415.0,2652.8916403674057,9.850585522459854
2026-08-27,426.15673828125,31.80590057373047,2410.0,2710.859769319743,12.483807855591
2026-08-28,416.40289306640625,31.660900115966797,2420.0,2636.7380810750183,8.956119052686695
2026-08-31,414.20880126953125,31.625999450683594,2405.0,2619.953464283701,8.937773982690267
2026-09-01,412.892333984375,31.687999725341797,2440.0,2616.746433178522,7.2437062778082595
2026-09-02,414.3883056640625,31.674999237060547,2385.0,2625.1498531511984,10.06917623275465
2026-09-03,415.894287109375,31.726200103759766,2390.0,2638.949074968509,10.416279287385333
2026-09-04,427.762451171875,31.69540023803711,2410.0,2711.620419339277,12.515370097065425
2026-09-08,437.825439453125,31.504899978637695,2470.0,2758.7293356147593,11.68944678602264
2026-09-09,434.1951599121094,31.49920082092285,2465.0,2735.360107508849,10.967955679872166
2026-09-10,426.8847961425781,31.464000701904297,2450.0,2686.3007050924703,9.644926738468174
2026-09-11,432.0808410644531,31.635000228881836,2410.0,2733.775501193886,13.434668099331383
2026-09-14,416.8916015625,31.67620086669922,2380.0,2641.1084221467377,10.970942107005776
2026-09-15,412.64300537109375,31.717599868774414,2385.0,2617.6091466017765,9.753004050388947
2026-09-16,417.7200012207031,31.773399353027344,2380.0,2654.476883306494,11.53264215573504
2026-09-17,430.260009765625,31.859600067138672,2425.0,2741.5823672031984,13.05494297745149
2026-09-18,434.6700134277344,31.85110092163086,2460.0,2768.9436930586817,12.558686709702505
2026-09-21,445.1400146484375,31.809099197387695,2480.0,2831.900576535752,14.189539376441607
2026-09-22,452.0,31.738399505615234,2460.0,2869.151315307617,16.632167288927533
2026-09-23,446.57000732421875,31.679500579833984,2500.0,2829.422961192811,13.176918447712428
2026-09-24,451.1499938964844,31.789499282836914,2475.0,2868.3664814848335,15.893595211508416
2026-09-29,456.94000244140625,31.78219985961914,2475.0,2904.5116962895263,17.35400793088995
